Date,Volume (Pounds),Cumulative Volumne (Pounds),Pounds/Acre,month_sin,month_cos,day_of_year_sin,day_of_year_cos
2012-03-04,0.011286276558501927,0.0,18.333333333333332,1.0,6.123233995736766e-17,0.8919813464595485,0.45207220393230435
2012-03-11,0.06331729242192517,0.004331150890162613,51.666666666666664,1.0,6.123233995736766e-17,0.9398560579418954,0.3415707691678556
2012-03-18,0.10244570446443269,0.011338838476165878,83.5,1.0,6.123233995736766e-17,0.9741004551724205,0.22611568550828828
2012-03-25,0.0674556775475412,0.01595307112385546,55.0,1.0,6.123233995736766e-17,0.994217906893952,0.10738134666416309
2012-04-01,0.13462734827273617,0.025162109239796497,93.85714285714286,0.8660254037844387,-0.49999999999999983,0.9999166586547379,-0.01291029607500882
2012-04-08,0.1508487746747832,0.035480756480094286,122.83333333333333,0.8660254037844387,-0.49999999999999983,0.9911140639934547,-0.1330147065341959
2012-04-15,0.20519183791440845,0.04951668217184659,143.28571428571428,0.8660254037844387,-0.49999999999999983,0.9679377830240642,-0.25119006388481935
2012-04-22,0.3624085478711853,0.07430684682789711,253.28571428571428,0.8660254037844387,-0.49999999999999983,0.9307239310379795,-0.36572252349726897
2012-04-29,0.43779207300250467,0.10425353996909573,306.0,0.8660254037844387,-0.49999999999999983,0.8800122039735357,-0.47495107206704995
2012-05-06,0.5673702822989174,0.14306389033682315,396.2857142857143,0.49999999999999994,-0.8660254037844387,0.8165380514459161,-0.5772916165517272
2012-05-13,0.6503099345200053,0.18754763788889942,454.2857142857143,0.49999999999999994,-0.8660254037844387,0.741222010848596,-0.6712599575675313
2012-05-20,0.6988725895162455,0.2353532613199069,488.2857142857143,0.49999999999999994,-0.8660254037844387,0.6551563572090853,-0.7554933140726803
2012-05-27,0.6960889362534128,0.2829684719608841,486.2857142857143,0.49999999999999994,-0.8660254037844387,0.5595892624101765,-0.8287700871745037
2012-06-03,0.5248214234653779,0.3188683136703406,366.7142857142857,1.2246467991473532e-16,-1.0,0.4559066935084588,-0.8900275764346767
2012-06-10,0.41138581418766706,0.3470087152441483,287.2857142857143,1.2246467991473532e-16,-1.0,0.3456123126707335,-0.9383773917408641
2012-06-17,0.3327454842915247,0.369769810126149,271.3333333333333,1.2246467991473532e-16,-1.0,0.23030567023061221,-0.9731183372332619
2012-06-24,0.31737974919299555,0.3914798285217056,258.6666666666667,1.2246467991473532e-16,-1.0,0.11165900712169512,-0.993746580436178
2012-07-01,0.29984242451407783,0.4119902251948421,244.5,-0.4999999999999998,-0.8660254037844388,-0.008606996888688009,-0.9999629591162655
2012-07-08,0.27000528600453017,0.43045964468666775,219.83333333333334,-0.4999999999999998,-0.8660254037844388,-0.12874817745258066,-0.99167731989929
2012-07-15,0.2529001540205706,0.447759006129817,206.0,-0.4999999999999998,-0.8660254037844388,-0.24702218048093527,-0.9690098257244063
2012-07-22,0.2198632053125891,0.4627985108366525,178.83333333333334,-0.4999999999999998,-0.8660254037844388,-0.3617137307297674,-0.9322892131745134
2012-07-29,0.18779052738714494,0.4756441187068857,153.33333333333334,-0.4999999999999998,-0.8660254037844388,-0.47115950767386394,-0.8820480249558535
2012-08-05,0.15786007235025498,0.48644236617970704,128.5,-0.8660254037844384,-0.5000000000000004,-0.5737722679043243,-0.8190148866680802
2012-08-12,0.15898682594748154,0.49731768801340126,129.5,-0.8660254037844384,-0.5000000000000004,-0.6680638642135333,-0.7441039398713608
2012-08-19,0.16286284286578726,0.5084581445912367,132.66666666666666,-0.8660254037844384,-0.5000000000000004,-0.7526668275320083,-0.6584015846980489
2012-08-26,0.13136899789255346,0.5174442987743724,107.16666666666667,-0.8660254037844384,-0.5000000000000004,-0.8263541987239095,-0.5631507242749187
2012-09-02,0.12275238546410579,0.5258410429059699,100.0,-1.0,-1.8369701987210297e-16,-0.888057322629493,-0.4597327394521046
2012-09-09,0.12922967303279873,0.5346808588864399,105.16666666666667,-1.0,-1.8369701987210297e-16,-0.9368813462954315,-0.34964745525122826
2012-09-16,0.13366365709595876,0.5438239767499746,108.66666666666667,-1.0,-1.8369701987210297e-16,-0.9721181966290612,-0.23449138957041052
2012-09-23,0.1326018193438399,0.5528944607507936,92.71428571428571,-1.0,-1.8369701987210297e-16,-0.9932568492674143,-0.11593459959550066
2012-09-30,0.14956784594542585,0.563125487447095,104.57142857142857,-1.0,-1.8369701987210297e-16,-0.9999907397361901,0.004303538296243821
2012-10-07,0.1527496883653031,0.573574164631945,106.85714285714286,-0.8660254037844386,0.5000000000000001,-0.9922222094179324,0.12447926388678869
2012-10-14,0.14454633484365714,0.5834617002937046,101.14285714285714,-0.8660254037844386,0.5000000000000001,-0.970063921851507,0.2428497220959358
2012-10-21,0.15044420985437984,0.5937526737151293,105.14285714285714,-0.8660254037844386,0.5000000000000001,-0.9338372288229252,0.35769823883312546
2012-10-28,0.1164684930172962,0.601719574981948,94.66666666666667,-0.8660254037844386,0.5000000000000001,-0.8840675099433637,0.46735921715800205
2012-11-04,0.0765017778440675,0.6069525963341627,124.66666666666667,-0.5000000000000004,0.8660254037844384,-0.8214765533024145,0.5702422926917867
2012-11-11,0.0,0.6069525963341627,0.0,-0.5000000000000004,0.8660254037844384,-0.7469720876965551,0.6648553979642867
2012-11-18,0.0,0.6069525963341627,0.0,-0.5000000000000004,0.8660254037844384,-0.661634618242279,0.749826401204568
2012-11-25,0.0,0.6069525963341627,0.0,-0.5000000000000004,0.8660254037844384,-0.5667017562911184,0.8239230057575536
2012-12-02,0.0,0.6069525963341627,0.0,-2.4492935982947064e-16,1.0,-0.4635502709028512,0.8860706215341377
2012-12-09,0.0,0.6069525963341627,0.0,-2.4492935982947064e-16,1.0,-0.3536761221763721,0.935367949313148
2012-12-16,0.0,0.6069525963341627,0.0,-2.4492935982947064e-16,1.0,-0.23867276600594997,0.9711000518829505
2012-12-23,0.0,0.6069525963341627,0.0,-2.4492935982947064e-16,1.0,-0.12020804489935275,0.9927487224577402
2012-12-30,0.0,0.6069525963341627,0.0,-2.4492935982947064e-16,1.0,6.432490598706546e-16,1.0
2013-01-06,0.0,0.6069525963341627,0.0,0.49999999999999994,0.8660254037844387,0.10310169744743485,0.9946708199115211
2013-01-13,0.0,0.6069525963341627,0.0,0.49999999999999994,0.8660254037844387,0.22192151300416552,0.9750645322571948
2013-01-20,0.0,0.6069525963341627,0.0,0.49999999999999994,0.8660254037844387,0.3375228995941133,0.9413173175128471
2013-01-27,0.0,0.6069525963341627,0.0,0.49999999999999994,0.8660254037844387,0.4482293417404106,0.893918596519257
2013-02-03,0.0,0.6069525963341627,0.0,0.8660254037844386,0.5000000000000001,0.5524353131676196,0.8335557718385699
2013-02-10,0.0,0.6069525963341627,0.0,0.8660254037844386,0.5000000000000001,0.6486295610349814,0.7611042586607747
2013-02-17,0.0,0.6069525963341627,0.0,0.8660254037844386,0.5000000000000001,0.7354170229639855,0.6776147890466889
2013-02-24,0.0,0.6069525963341627,0.0,0.8660254037844386,0.5000000000000001,0.8115390590073611,0.5842981736283683
2013-03-03,0.005225532329250075,0.6069525963341627,23.0,1.0,6.123233995736766e-17,0.8758917051442429,0.48250774176121847
2013-03-10,0.02439985687601769,0.6069525963341627,17.666666666666668,1.0,6.123233995736766e-17,0.9275416835791966,0.37371971479046906
2013-03-17,0.05331194459278058,0.6069525963341627,39.0,1.0,6.123233995736766e-17,0.9657399376548549,0.2595117970697999
2013-03-24,0.11612807123432069,0.6069525963341627,84.83333333333333,1.0,6.123233995736766e-17,0.989932495087353,0.141540295217043
2013-03-31,0.18308895866483563,0.6069525963341627,133.5,1.0,6.123233995736766e-17,0.9997685019798909,0.021516097436222254
2013-04-07,0.28419693303544175,0.6069525963341627,207.33333333333334,0.8660254037844387,-0.49999999999999983,0.9951053111006976,-0.09882013873287143
2013-04-14,0.48985071674048264,0.6069525963341627,306.2857142857143,0.8660254037844387,-0.49999999999999983,0.9760105506323683,-0.21772323039653177
2013-04-21,0.5435245285293547,0.6069525963341627,339.85714285714283,0.8660254037844387,-0.49999999999999983,0.9427611433904207,-0.3334687789181868
2013-04-28,0.7179365957667141,0.6069525963341627,448.85714285714283,0.8660254037844387,-0.49999999999999983,0.895839290734909,-0.4443781781046132
2013-05-05,0.814072711928982,0.6069525963341627,509.14285714285717,0.49999999999999994,-0.8660254037844387,0.835925479418637,-0.548842958284719
2013-05-12,0.7208000414224917,0.6069525963341627,450.7142857142857,0.49999999999999994,-0.8660254037844387,0.7638886127905428,-0.6453481132295501
2013-05-19,0.7456686061563405,0.6069525963341627,466.14285714285717,0.49999999999999994,-0.8660254037844387,0.6807734094770161,-0.7324940716135789
2013-05-26,0.5962039300361751,0.6069525963341627,372.7142857142857,0.49999999999999994,-0.8660254037844387,0.5877852522924732,-0.8090169943749473
2013-06-02,0.4762556772384181,0.6069525963341627,297.7142857142857,1.2246467991473532e-16,-1.0,0.48627270710869,-0.8738071036110808
2013-06-09,0.39323082297062634,0.6069525963341627,286.6666666666667,1.2246467991473532e-16,-1.0,0.3777079652039649,-0.9259247771938498
2013-06-16,0.35419707986890087,0.6069525963341627,258.1666666666667,1.2246467991473532e-16,-1.0,0.26366549272800704,-0.9646141756912435
2013-06-23,0.29090702891769055,0.6069525963341627,181.85714285714286,1.2246467991473532e-16,-1.0,0.1457991969198751,-0.9893142039703663
2013-06-30,0.34196334109489845,0.6069525963341627,213.85714285714286,1.2246467991473532e-16,-1.0,0.02581844022713308,-0.9996666485105112
2013-07-07,0.3022999529360123,0.6069525963341627,188.85714285714286,-0.4999999999999998,-0.8660254037844388,-0.09453674981719933,-0.9955213724144752
2013-07-14,0.22787142489507203,0.6069525963341627,142.57142857142858,-0.4999999999999998,-0.8660254037844388,-0.2135209154397959,-0.9769384927771817
2013-07-21,0.18707568028328037,0.6069525963341627,136.5,-0.4999999999999998,-0.8660254037844388,-0.3294084822245302,-0.9441875088341994
2013-07-28,0.17672334180588153,0.6069525963341627,110.57142857142857,-0.4999999999999998,-0.8660254037844388,-0.4405187843504952,-0.8977433935342336
2013-08-04,0.15652987713130698,0.6069525963341627,114.16666666666667,-0.8660254037844384,-0.5000000000000004,-0.5452404385406507,-0.8382797052177745
2013-08-11,0.1325600877291278,0.6069525963341627,96.66666666666667,-0.8660254037844384,-0.5000000000000004,-0.6420547132365636,-0.7666588193001592
2013-08-18,0.12377365081303231,0.6069525963341627,90.33333333333333,-0.8660254037844384,-0.5000000000000004,-0.7295575540864876,-0.6839194216246105
2013-08-25,0.13308231251878888,0.6069525963341627,97.0,-0.8660254037844384,-0.5000000000000004,-0.8064799463209447,-0.5912614448635782
2013-09-01,0.1473833118363997,0.6069525963341627,107.5,-1.0,-1.8369701987210297e-16,-0.8717063187093218,-0.4900286664290594
2013-09-08,0.1568036442518951,0.6069525963341627,98.14285714285714,-1.0,-1.8369701987210297e-16,-0.9242907221930934,-0.3816892202666586
2013-09-15,0.1825410380198194,0.6186024943494001,114.28571428571429,-1.0,-1.8369701987210297e-16,-0.9634705485641486,-0.26781430516217486
2013-09-22,0.1913707521659867,0.6316930036224686,119.71428571428571,-1.0,-1.8369701987210297e-16,-0.9886775902323404,-0.15005539834465262
2013-09-29,0.18553470176965228,0.6443843041817361,135.33333333333334,-1.0,-1.8369701987210297e-16,-0.9995462806873573,-0.03012030484690836
2013-10-06,0.1921794954029535,0.6575301346610141,120.14285714285714,-0.8660254037844386,0.5000000000000001,-0.9959189961471792,0.0902516100310407
2013-10-13,0.18295410372470117,0.6700449122027612,133.5,-0.8660254037844386,0.5000000000000001,-0.9778483415056568,0.20931464596304888
2013-10-20,0.17331487353388722,0.6819003286312246,126.5,-0.8660254037844386,0.5000000000000001,-0.9455963874271428,0.3253420847119795
2013-10-27,0.18055569509027553,0.6942510456249821,131.66666666666666,-0.8660254037844386,0.5000000000000001,-0.8996308696522434,0.4366512319560638
2013-11-03,0.0874070602164016,0.7002300310203158,95.5,-0.5000000000000004,0.8660254037844384,-0.8406184056344783,0.5416278206559811
2013-11-10,0.0,0.7002300310203158,0.0,-0.5000000000000004,0.8660254037844384,-0.7694148268839381,0.6387494220515268
2013-11-17,0.0,0.7002300310203158,0.0,-0.5000000000000004,0.8660254037844384,-0.6870527672236675,0.726607524768565
2013-11-24,0.0,0.7002300310203158,0.0,-0.5000000000000004,0.8660254037844384,-0.594726686960764,0.8039279618328208
2013-12-01,0.0,0.7002300310203158,0.0,-2.4492935982947064e-16,1.0,-0.4937755501599774,0.8695893893466109
2013-12-08,0.0,0.7002300310203158,0.0,-2.4492935982947064e-16,1.0,-0.38566340624360745,0.9226395488404875
2013-12-15,0.0,0.7002300310203158,0.0,-2.4492935982947064e-16,1.0,-0.27195815753410524,0.9623090774541487
2013-12-22,0.0,0.7002300310203158,0.0,-2.4492935982947064e-16,1.0,-0.154308820664281,0.9880226656636976
2013-12-29,0.0,0.7002300310203158,0.0,-2.4492935982947064e-16,1.0,-0.034421611622745804,0.9994074007397048
2014-01-05,0.0,0.7002300310203158,0.0,0.49999999999999994,0.8660254037844387,0.08596479873744647,0.9962981749346078
2014-01-12,0.0,0.7002300310203158,0.0,0.49999999999999994,0.8660254037844387,0.2051044998686192,0.9787400799669153
2014-01-19,0.0,0.7002300310203158,0.0,0.49999999999999994,0.8660254037844387,0.3212696616923644,0.9469877530760753
2014-01-26,0.0,0.7002300310203158,0.0,0.49999999999999994,0.8660254037844387,0.4327755925504312,0.901501684131884
2014-02-02,0.0,0.7002300310203158,0.0,0.8660254037844386,0.5000000000000001,0.5380051715382996,0.8429415373547828
2014-02-09,0.0,0.7002300310203158,0.0,0.8660254037844386,0.5000000000000001,0.6354323008901774,0.7721565844991642
2014-02-16,0.0,0.7002300310203158,0.0,0.8660254037844386,0.5000000000000001,0.7236440382959124,0.6901733882429719
2014-02-23,0.0,0.7002300310203158,0.0,0.8660254037844386,0.5000000000000001,0.8013610881746766,0.5981809144059164
2014-03-02,0.0,0.7002300310203158,0.0,1.0,6.123233995736766e-17,0.8674563547295968,0.49751328890718066
2014-03-09,0.0509512103327478,0.7002300310203158,35.5,1.0,6.123233995736766e-17,0.9209712877166346,0.38963044953078796
2014-03-16,0.16484296934349213,0.7002300310203158,114.33333333333333,1.0,6.123233995736766e-17,0.9611297838723007,0.27609697309746883
2014-03-23,0.23240568075469306,0.7002300310203158,161.16666666666666,1.0,6.123233995736766e-17,0.9873494423939864,0.15855938510313478
2014-03-30,0.39047672960154806,0.7002300310203158,231.85714285714286,1.0,6.123233995736766e-17,0.9992500112396835,0.03872228089217446
2014-04-06,0.2584359686332819,0.7002300310203158,179.16666666666666,0.8660254037844387,-0.49999999999999983,0.9966589017541702,-0.08167639533042241
2014-04-13,0.42710530200164915,0.7002300310203158,296.0,0.8660254037844387,-0.49999999999999983,0.9796136916454901,-0.20089055513063506
2014-04-20,0.5080536220336743,0.7002300310203158,352.1666666666667,0.8660254037844387,-0.49999999999999983,0.9483615800121715,-0.3171912885891061
2014-04-27,0.6579926088673499,0.7002300310203158,456.1666666666667,0.8660254037844387,-0.49999999999999983,0.9033558023246845,-0.4288919379124835
2014-05-04,0.6529001926609546,0.7002300310203158,388.14285714285717,0.49999999999999994,-0.8660254037844387,0.8452490573530633,-0.5343725582809787
2014-05-11,0.6778757912584632,0.7002300310203158,402.85714285714283,0.49999999999999994,-0.8660254037844387,0.7748840413670407,-0.6321034111873487
2014-05-18,0.6672862008233492,0.7002300310203158,462.8333333333333,0.49999999999999994,-0.8660254037844387,0.6932812268869777,-0.7206671495538609
2014-05-25,0.6300272105584076,0.7002300310203158,374.2857142857143,0.49999999999999994,-0.8660254037844387,0.6016240632249226,-0.7987793728863649
2014-06-01,0.4953824741128747,0.7002300310203158,343.5,1.2246467991473532e-16,-1.0,0.5012418134457758,-0.865307254363206
2014-06-08,0.3595308052733305,0.7002300310203158,213.57142857142858,1.2246467991473532e-16,-1.0,0.39359027665646673,-0.9192859697186104
2014-06-15,0.34853278597941395,0.7002300310203158,241.5,1.2246467991473532e-16,-1.0,0.28023067519921585,-0.9599326896597447
2014-06-22,0.297534627580115,0.7002300310203158,176.85714285714286,1.2246467991473532e-16,-1.0,0.16280701293851715,-0.986657932891657
2014-06-29,0.28915178947482306,0.7002300310203158,200.16666666666666,1.2246467991473532e-16,-1.0,0.04302223300453059,-0.99907411510223
2014-07-06,0.28821920380715976,0.7002300310203158,199.83333333333334,-0.4999999999999998,-0.8660254037844388,-0.07738647923346322,-0.9970011699250151
2014-07-13,0.26614569124942133,0.7002300310203158,184.33333333333334,-0.4999999999999998,-0.8660254037844388,-0.19667288979357622,-0.9804691603616321
2014-07-20,0.23893687165905578,0.7002300310203158,142.0,-0.4999999999999998,-0.8660254037844388,-0.3131070409358267,-0.9497178427914317
2014-07-27,0.1719526067962253,0.7002300310203158,119.16666666666667,-0.4999999999999998,-0.8660254037844388,-0.42500033996955394,-0.9051931898913975
2014-08-03,0.15592090467958233,0.7002300310203158,92.57142857142857,-0.8660254037844384,-0.5000000000000004,-0.5307300481619331,-0.8475409228928312
2014-08-10,0.12213645774326247,0.7002300310203158,84.66666666666667,-0.8660254037844384,-0.5000000000000004,-0.6287628145958345,-0.7775971469736268
2014-08-17,0.1046051223238636,0.7002300310203158,72.66666666666667,-0.8660254037844384,-0.5000000000000004,-0.7176769136759615,-0.6963762255968726
2014-08-24,0.1113681555321824,0.7002300310203158,77.33333333333333,-0.8660254037844384,-0.5000000000000004,-0.7961828637826154,-0.6050560696488494
2014-08-31,0.12755383957903618,0.7002300310203158,88.33333333333333,-0.8660254037844384,-0.5000000000000004,-0.8631421280499115,-0.5049610547215202
2014-09-07,0.15755674533591243,0.7002300310203158,109.16666666666667,-1.0,-1.8369701987210297e-16,-0.9175836260593934,-0.3975428142825566
2014-09-14,0.17356970686631895,0.7002300310203158,120.33333333333333,-1.0,-1.8369701987210297e-16,-0.9587178169872964,-0.2843591872810036
2014-09-21,0.19634802002808383,0.7002300310203158,116.71428571428571,-1.0,-1.8369701987210297e-16,-0.9859481499638303,-0.1670516255021195
2014-09-28,0.21393982764843122,0.7002300310203158,127.0,-1.0,-1.8369701987210297e-16,-0.9988797155850335,-0.04732138832243232
2014-10-05,0.1994388643436583,0.7002300310203158,118.57142857142857,-0.8660254037844386,0.5000000000000001,-0.9973249731081555,0.07309512989807776
2014-10-12,0.19521141313293913,0.7002300310203158,135.16666666666666,-0.8660254037844386,0.5000000000000001,-0.9813064702716093,0.19245158197082995
2014-10-19,0.18886299124486178,0.7002300310203158,130.83333333333334,-0.8660254037844386,0.5000000000000001,-0.9510565162951536,0.30901699437494723
2014-10-26,0.15912496532025536,0.7026766926419069,94.57142857142857,-0.8660254037844386,0.5000000000000001,-0.9070138128026362,0.42110087079608916
2014-11-02,0.12312004871779614,0.7110985863806274,102.4,-0.5000000000000004,0.8660254037844384,-0.8498170915275277,0.5270777086423724
2014-11-09,0.0,0.7110985863806274,0.0,-0.5000000000000004,0.8660254037844384,-0.780295851070776,0.6254105729852457
2014-11-16,0.0,0.7110985863806274,0.0,-0.5000000000000004,0.8660254037844384,-0.6994583270516471,0.7146733860429608
2014-11-23,0.0,0.7110985863806274,0.0,-0.5000000000000004,0.8660254037844384,-0.6084768701151264,0.7935716089521472
2014-11-30,0.0,0.7110985863806274,0.0,-0.5000000000000004,0.8660254037844384,-0.5086709438521042,0.8609610158889945
2014-12-07,0.0,0.7110985863806274,0.0,-2.4492935982947064e-16,1.0,-0.4014879892059737,0.9158642882672868
2014-12-14,0.0,0.7110985863806274,0.0,-2.4492935982947064e-16,1.0,-0.2884824328806098,0.9574851883550389
2014-12-21,0.0,0.7110985863806274,0.0,-2.4492935982947064e-16,1.0,-0.1712931441814778,0.9852201067560606
2014-12-28,0.0,0.7110985863806274,0.0,-2.4492935982947064e-16,1.0,-0.05161966722325418,0.9986668162884759
2015-01-04,0.0,0.7110985863806274,0.0,0.49999999999999994,0.8660254037844387,0.06880242680231986,0.9976303053065857
2015-01-11,0.0,0.7110985863806274,0.0,0.49999999999999994,0.8660254037844387,0.1882267098432442,0.9821256058680006
2015-01-18,0.0,0.7110985863806274,0.0,0.49999999999999994,0.8660254037844387,0.30492122465628907,0.9523775757303974
2015-01-25,0.0,0.7110985863806274,0.0,0.49999999999999994,0.8660254037844387,0.4171936026123168,0.9088176373395029
2015-02-01,0.0,0.7110985863806274,0.0,0.8660254037844386,0.5000000000000001,0.5234156073655503,0.8520775211013093
2015-02-08,0.0,0.7110985863806274,0.0,0.8660254037844386,0.5000000000000001,0.6220467484408675,0.7829801036770629
2015-02-15,0.0,0.7110985863806274,0.0,0.8660254037844386,0.5000000000000001,0.7116566222817746,0.702527474169157
2015-02-22,0.0,0.7110985863806274,0.0,0.8660254037844386,0.5000000000000001,0.7909456567567772,0.6118864012687243
2015-03-01,0.0,0.7110985863806274,0.0,1.0,6.123233995736766e-17,0.8587639582758029,0.5123714121284237
2015-03-08,0.12179816118140654,0.7110985863806274,83.16666666666667,1.0,6.123233995736766e-17,0.9141279881853337,0.40542572835999735
2015-03-15,0.23647354717952243,0.7110985863806274,161.66666666666666,1.0,6.123233995736766e-17,0.9562348265919056,0.29260033563334836
2015-03-22,0.3326819208598567,0.7110985863806274,227.33333333333334,1.0,6.123233995736766e-17,0.9844738167520922,0.1755314904214282
2015-03-29,0.5257779661711166,0.7110985863806274,307.57142857142856,1.0,6.123233995736766e-17,0.9984354211555643,0.055916990100603484
2015-04-05,0.46725208136428376,0.7110985863806274,319.0,0.8660254037844387,-0.49999999999999983,0.9979171608653922,-0.06450844944931623
2015-04-12,0.44188505567692926,0.7110985863806274,302.0,0.8660254037844387,-0.49999999999999983,0.9829265519799822,-0.18399835165768005
2015-04-19,0.5179826551044333,0.7110985863806274,303.2857142857143,0.8660254037844387,-0.49999999999999983,0.9536809966304457,-0.30081980763566735
2015-04-26,0.5197056298266669,0.7110985863806274,304.2857142857143,0.8660254037844387,-0.49999999999999983,0.9106046300942163,-0.4132786077829042
2015-05-03,0.5563826959086788,0.7110985863806274,380.0,0.49999999999999994,-0.8660254037844387,0.854322169749827,-0.5197438121555155
2015-05-10,0.5948403108850734,0.7110985863806274,406.1666666666667,0.49999999999999994,-0.8660254037844387,0.7856498550787145,-0.6186714032625031
2015-05-17,0.5805381523559429,0.7110985863806274,396.5,0.49999999999999994,-0.8660254037844387,0.705583610107178,-0.7086266782644596
2015-05-24,0.5252814372368106,0.7110985863806274,358.8333333333333,0.49999999999999994,-0.8660254037844387,0.6152845999633276,-0.7883050558305255
2015-05-31,0.4110679970293273,0.7110985863806274,280.6666666666667,0.49999999999999994,-0.8660254037844387,0.5160623910158528,-0.8565509959010036
2015-06-07,0.46757492177254256,0.7110985863806274,273.7142857142857,1.2246467991473532e-16,-1.0,0.4093559588156213,-0.9123747579707273
2015-06-14,0.4178318030453259,0.7110985863806274,244.42857142857142,1.2246467991473532e-16,-1.0,0.29671281927349075,-0.9549667548552551
2015-06-21,0.3611390180551058,0.7110985863806274,211.42857142857142,1.2246467991473532e-16,-1.0,0.1797665857255624,-0.9837092937736097
2015-06-28,0.33407026985671373,0.7110985863806274,228.33333333333334,1.2246467991473532e-16,-1.0,0.06021327736579302,-0.9981855344718586
2015-07-05,0.22402786589932014,0.7110985863806274,153.0,-0.4999999999999998,-0.8660254037844388,-0.060213277365792774,-0.9981855344718586
2015-07-12,0.1929909434667998,0.7110985863806274,113.14285714285714,-0.4999999999999998,-0.8660254037844388,-0.17976658572556214,-0.9837092937736098
2015-07-19,0.18472769734996516,0.7110985863806274,126.16666666666667,-0.4999999999999998,-0.8660254037844388,-0.2967128192734901,-0.9549667548552553
2015-07-26,0.04870813604197273,0.7110985863806274,33.0,-0.4999999999999998,-0.8660254037844388,-0.4093559588156211,-0.9123747579707274
2015-08-02,0.1635937257290088,0.7110985863806274,95.71428571428571,-0.8660254037844384,-0.5000000000000004,-0.5160623910158526,-0.8565509959010037
2015-08-09,0.16382209039840553,0.7110985863806274,95.85714285714286,-0.8660254037844384,-0.5000000000000004,-0.6152845999633277,-0.7883050558305253
2015-08-16,0.1587800998931207,0.7110985863806274,92.85714285714286,-0.8660254037844384,-0.5000000000000004,-0.7055836101071774,-0.7086266782644601
2015-08-23,0.20330348234868617,0.7110985863806274,119.0,-0.8660254037844384,-0.5000000000000004,-0.7856498550787144,-0.6186714032625032
2015-08-30,0.22309508702973685,0.7110985863806274,130.57142857142858,-0.8660254037844384,-0.5000000000000004,-0.8543221697498269,-0.5197438121555157
2015-09-06,0.2268839698821391,0.7110985863806274,132.85714285714286,-1.0,-1.8369701987210297e-16,-0.9106046300942162,-0.41327860778290443
2015-09-13,0.2702759618943989,0.7110985863806274,158.14285714285714,-1.0,-1.8369701987210297e-16,-0.9536809966304455,-0.300819807635668
2015-09-20,0.2784843386659639,0.7110985863806274,162.85714285714286,-1.0,-1.8369701987210297e-16,-0.9829265519799822,-0.18399835165767986
2015-09-27,0.25428966222894733,0.7110985863806274,148.71428571428572,-1.0,-1.8369701987210297e-16,-0.9979171608653922,-0.06450844944931625
2015-10-04,0.20583384789444684,0.7144589730084584,140.33333333333334,-0.8660254037844386,0.5000000000000001,-0.9984354211555643,0.05591699010060302
2015-10-11,0.17508788755339133,0.7264356705428427,102.42857142857143,-0.8660254037844386,0.5000000000000001,-0.9844738167520923,0.17553149042142777
2015-10-18,0.15139688852171937,0.7367918109178793,103.33333333333333,-0.8660254037844386,0.5000000000000001,-0.9562348265919058,0.2926003356333479
2015-10-25,0.09991746413979163,0.7436265569595782,68.16666666666667,-0.8660254037844386,0.5000000000000001,-0.9141279881853337,0.4054257283599973
2015-11-01,0.0930388961833347,0.7499907820015932,63.5,-0.5000000000000004,0.8660254037844384,-0.858763958275803,0.5123714121284235
2015-11-08,0.0,0.7499907820015932,0.0,-0.5000000000000004,0.8660254037844384,-0.7909456567567774,0.6118864012687242
2015-11-15,0.0,0.7499907820015932,0.0,-0.5000000000000004,0.8660254037844384,-0.7116566222817751,0.7025274741691566
2015-11-22,0.0,0.7499907820015932,0.0,-0.5000000000000004,0.8660254037844384,-0.622046748440868,0.7829801036770625
2015-11-29,0.0,0.7499907820015932,0.0,-0.5000000000000004,0.8660254037844384,-0.5234156073655503,0.8520775211013093
2015-12-06,0.0,0.7499907820015932,0.0,-2.4492935982947064e-16,1.0,-0.41719360261231697,0.9088176373395028
2015-12-13,0.0,0.7499907820015932,0.0,-2.4492935982947064e-16,1.0,-0.3049212246562894,0.9523775757303973
2015-12-20,0.0,0.7499907820015932,0.0,-2.4492935982947064e-16,1.0,-0.1882267098432439,0.9821256058680006
2015-12-27,0.0,0.7499907820015932,0.0,-2.4492935982947064e-16,1.0,-0.06880242680232064,0.9976303053065857
2016-01-03,0.0,0.7499907820015932,0.0,0.49999999999999994,0.8660254037844387,0.051619667223253764,0.998666816288476
2016-01-10,0.0,0.7499907820015932,0.0,0.49999999999999994,0.8660254037844387,0.1712931441814776,0.9852201067560606
2016-01-17,0.0,0.7499907820015932,0.0,0.49999999999999994,0.8660254037844387,0.288482432880609,0.9574851883550393
2016-01-24,0.0,0.7499907820015932,0.0,0.49999999999999994,0.8660254037844387,0.401487989205973,0.9158642882672872
2016-01-31,0.0,0.7499907820015932,0.0,0.49999999999999994,0.8660254037844387,0.5086709438521044,0.8609610158889943
2016-02-07,0.0,0.7499907820015932,0.0,0.8660254037844386,0.5000000000000001,0.6084768701151261,0.7935716089521474
2016-02-14,0.0,0.7499907820015932,0.0,0.8660254037844386,0.5000000000000001,0.6994583270516471,0.7146733860429609
2016-02-21,0.0,0.7499907820015932,0.0,0.8660254037844386,0.5000000000000001,0.7802958510707755,0.6254105729852463
2016-02-28,0.0,0.7499907820015932,0.0,0.8660254037844386,0.5000000000000001,0.8498170915275278,0.5270777086423722
2016-03-06,0.10203051353843133,0.7499907820015932,80.4,1.0,6.123233995736766e-17,0.9070138128026359,0.4211008707960896
2016-03-13,0.07739746194501781,0.7499907820015932,50.833333333333336,1.0,6.123233995736766e-17,0.9510565162951535,0.30901699437494745
2016-03-20,0.16729702013086725,0.7499907820015932,94.14285714285714,1.0,6.123233995736766e-17,0.9813064702716093,0.19245158197082998
2016-03-27,0.30150627944880265,0.7499907820015932,198.0,1.0,6.123233995736766e-17,0.9973249731081555,0.07309512989807777
2016-04-03,0.37223885476084306,0.7499907820015932,244.5,0.8660254037844387,-0.49999999999999983,0.9988797155850336,-0.04732138832243185
2016-04-10,0.494113910306395,0.7499907820015932,324.6666666666667,0.8660254037844387,-0.49999999999999983,0.9859481499638304,-0.16705162550211924
2016-04-17,0.38828408101188344,0.7499907820015932,255.16666666666666,0.8660254037844387,-0.49999999999999983,0.9587178169872964,-0.2843591872810034
2016-04-24,0.41513644305991654,0.7499907820015932,272.6666666666667,0.8660254037844387,-0.49999999999999983,0.9175836260593937,-0.39754281428255595
2016-05-01,0.48390434804784915,0.7499907820015932,272.57142857142856,0.49999999999999994,-0.8660254037844387,0.8631421280499114,-0.5049610547215204
2016-05-08,0.6204712503950979,0.7499907820015932,407.8333333333333,0.49999999999999994,-0.8660254037844387,0.7961828637826158,-0.6050560696488488
2016-05-15,0.628151219915563,0.7499907820015932,353.7142857142857,0.49999999999999994,-0.8660254037844387,0.717676913675962,-0.6963762255968722
2016-05-22,0.5802516339086371,0.7499907820015932,326.7142857142857,0.49999999999999994,-0.8660254037844387,0.6287628145958344,-0.777597146973627
2016-05-29,0.5060850876711672,0.7499907820015932,284.85714285714283,0.49999999999999994,-0.8660254037844387,0.5307300481619334,-0.8475409228928311
2016-06-05,0.3925986662885061,0.7499907820015932,221.14285714285714,1.2246467991473532e-16,-1.0,0.42500033996955416,-0.9051931898913974
2016-06-12,0.42614045161335196,0.7499907820015932,240.14285714285714,1.2246467991473532e-16,-1.0,0.3131070409358269,-0.9497178427914316
2016-06-19,0.4086052521555538,0.7499907820015932,230.14285714285714,1.2246467991473532e-16,-1.0,0.19667288979357647,-0.980469160361632
2016-06-26,0.33658266762391775,0.7499907820015932,189.71428571428572,1.2246467991473532e-16,-1.0,0.07738647923346301,-0.9970011699250151
2016-07-03,0.251324785565189,0.7499907820015932,141.42857142857142,-0.4999999999999998,-0.8660254037844388,-0.04302223300453034,-0.99907411510223
2016-07-10,0.21322459414072673,0.7499907820015932,140.0,-0.4999999999999998,-0.8660254037844388,-0.16280701293851646,-0.9866579328916572
2016-07-17,0.23134075177185479,0.7499907820015932,130.28571428571428,-0.4999999999999998,-0.8660254037844388,-0.2802306751992161,-0.9599326896597445
2016-07-24,0.21269116363970778,0.7499907820015932,139.83333333333334,-0.4999999999999998,-0.8660254037844388,-0.39359027665646645,-0.9192859697186105
2016-07-31,0.21380497270829676,0.7499907820015932,140.5,-0.4999999999999998,-0.8660254037844388,-0.5012418134457756,-0.8653072543632061
2016-08-07,0.21778261383650324,0.7499907820015932,143.16666666666666,-0.8660254037844384,-0.5000000000000004,-0.6016240632249227,-0.7987793728863648
2016-08-14,0.20723417541034156,0.7499907820015932,136.33333333333334,-0.8660254037844384,-0.5000000000000004,-0.6932812268869771,-0.7206671495538615
2016-08-21,0.2332014794630223,0.7499907820015932,153.33333333333334,-0.8660254037844384,-0.5000000000000004,-0.7748840413670406,-0.6321034111873488
2016-08-28,0.3034332753985176,0.7499907820015932,170.85714285714286,-0.8660254037844384,-0.5000000000000004,-0.8452490573530634,-0.5343725582809785
2016-09-04,0.3056232191613027,0.7499907820015932,172.14285714285714,-1.0,-1.8369701987210297e-16,-0.9033558023246842,-0.4288919379124841
2016-09-11,0.3420601352568001,0.7499907820015932,192.57142857142858,-1.0,-1.8369701987210297e-16,-0.9483615800121716,-0.31719128858910595
2016-09-18,0.3616162267974154,0.7499907820015932,203.71428571428572,-1.0,-1.8369701987210297e-16,-0.9796136916454901,-0.20089055513063528
2016-09-25,0.3237847792436222,0.7499907820015932,182.28571428571428,-1.0,-1.8369701987210297e-16,-0.99665890175417,-0.08167639533042288
2016-10-02,0.24769799912363608,0.7499907820015932,162.83333333333334,-0.8660254037844386,0.5000000000000001,-0.9992500112396835,0.03872228089217399
2016-10-09,0.2851584989910996,0.7499907820015932,160.57142857142858,-0.8660254037844386,0.5000000000000001,-0.9873494423939864,0.15855938510313475
2016-10-16,0.2353520100341349,0.7511513246970755,154.66666666666666,-0.8660254037844386,0.5000000000000001,-0.9611297838723007,0.27609697309746883
2016-10-23,0.0945317674188919,0.7576176679809397,62.0,-0.8660254037844386,0.5000000000000001,-0.9209712877166346,0.38963044953078774
2016-10-30,0.11742020567503592,0.7656496701225285,66.14285714285714,-0.8660254037844386,0.5000000000000001,-0.867456354729597,0.4975132889071803
2016-11-06,0.01306392742408517,0.7665432939451455,52.0,-0.5000000000000004,0.8660254037844384,-0.8013610881746769,0.5981809144059159
2016-11-13,0.0,0.7665432939451455,0.0,-0.5000000000000004,0.8660254037844384,-0.7236440382959123,0.690173388242972
2016-11-20,0.0,0.7665432939451455,0.0,-0.5000000000000004,0.8660254037844384,-0.6354323008901775,0.7721565844991641
2016-11-27,0.0,0.7665432939451455,0.0,-0.5000000000000004,0.8660254037844384,-0.5380051715382992,0.8429415373547832
2016-12-04,0.0,0.7665432939451455,0.0,-2.4492935982947064e-16,1.0,-0.4327755925504317,0.9015016841318838
2016-12-11,0.0,0.7665432939451455,0.0,-2.4492935982947064e-16,1.0,-0.32126966169236515,0.946987753076075
2016-12-18,0.0,0.7665432939451455,0.0,-2.4492935982947064e-16,1.0,-0.20510449986861926,0.9787400799669153
2016-12-25,0.0,0.7665432939451455,0.0,-2.4492935982947064e-16,1.0,-0.0859647987374467,0.9962981749346077
2017-01-01,0.0,0.7665432939451455,0.0,0.49999999999999994,0.8660254037844387,0.017213356155834685,0.9998518392091162
2017-01-08,0.0,0.7665432939451455,0.0,0.49999999999999994,0.8660254037844387,0.13727877211326478,0.9905324521322229
2017-01-15,0.0,0.7665432939451455,0.0,0.49999999999999994,0.8660254037844387,0.255353295116187,0.9668478136052775
2017-01-22,0.0,0.7665432939451455,0.0,0.49999999999999994,0.8660254037844387,0.3697245428906731,0.9291414114031743
2017-01-29,0.0,0.7665432939451455,0.0,0.49999999999999994,0.8660254037844387,0.47873384011578846,0.8779600847008882
2017-02-05,0.0,0.7665432939451455,0.0,0.8660254037844386,0.5000000000000001,0.5808002734538009,0.8140460935082178
2017-02-12,0.0,0.7665432939451455,0.0,0.8660254037844386,0.5000000000000001,0.6744436188329455,0.7383263540031065
2017-02-19,0.0,0.7665432939451455,0.0,0.8660254037844386,0.5000000000000001,0.7583058084785625,0.6518989958787126
2017-02-26,0.0,0.7665432939451455,0.0,0.8660254037844386,0.5000000000000001,0.8311706263658079,0.5560174366570446
2017-03-05,0.014412090421589772,0.7665432939451455,55.0,1.0,6.123233995736766e-17,0.8919813464595485,0.45207220393230435
2017-03-12,0.057258866615712875,0.7665432939451455,36.5,1.0,6.123233995736766e-17,0.9398560579418954,0.3415707691678556
2017-03-19,0.11116490711238092,0.7665432939451455,60.57142857142857,1.0,6.123233995736766e-17,0.9741004551724205,0.22611568550828828
2017-03-26,0.17145511185231954,0.7665432939451455,109.0,1.0,6.123233995736766e-17,0.994217906893952,0.10738134666416309
2017-04-02,0.3215560018949244,0.7665432939451455,204.5,0.8660254037844387,-0.49999999999999983,0.9999166586547379,-0.01291029607500882
2017-04-09,0.4624639581818308,0.7665432939451455,252.0,0.8660254037844387,-0.49999999999999983,0.9911140639934547,-0.1330147065341959
2017-04-16,0.5662881583452023,0.7665432939451455,360.1666666666667,0.8660254037844387,-0.49999999999999983,0.9679377830240642,-0.25119006388481935
2017-04-23,0.45172714788370477,0.7665432939451455,246.28571428571428,0.8660254037844387,-0.49999999999999983,0.9307239310379795,-0.36572252349726897
2017-04-30,0.7122750067041066,0.7665432939451455,388.14285714285717,0.8660254037844387,-0.49999999999999983,0.8800122039735357,-0.47495107206704995
2017-05-07,0.7201781244421294,0.7665432939451455,392.85714285714283,0.49999999999999994,-0.8660254037844387,0.8165380514459161,-0.5772916165517272
2017-05-14,0.6160420963799369,0.7665432939451455,391.6666666666667,0.49999999999999994,-0.8660254037844387,0.741222010848596,-0.6712599575675313
2017-05-21,0.6205317225960464,0.7665432939451455,394.8333333333333,0.49999999999999994,-0.8660254037844387,0.6551563572090853,-0.7554933140726803
2017-05-28,0.4740147281687626,0.7665432939451455,258.2857142857143,0.49999999999999994,-0.8660254037844387,0.5595892624101765,-0.8287700871745037
2017-06-04,0.5245099819703968,0.7665432939451455,333.6666666666667,1.2246467991473532e-16,-1.0,0.4559066935084588,-0.8900275764346767
2017-06-11,0.4424965397536134,0.7665432939451455,241.28571428571428,1.2246467991473532e-16,-1.0,0.3456123126707335,-0.9383773917408641
2017-06-18,0.3598716134601459,0.7665432939451455,196.14285714285714,1.2246467991473532e-16,-1.0,0.23030567023061221,-0.9731183372332619
2017-06-25,0.3676535935943517,0.7665432939451455,200.42857142857142,1.2246467991473532e-16,-1.0,0.11165900712169512,-0.993746580436178
2017-07-02,0.37020501814938833,0.7665432939451455,235.16666666666666,-0.4999999999999998,-0.8660254037844388,-0.008606996888688009,-0.9999629591162655
2017-07-09,0.3625974993489095,0.7665432939451455,197.42857142857142,-0.4999999999999998,-0.8660254037844388,-0.12874817745258066,-0.99167731989929
2017-07-16,0.3546856875244883,0.7665432939451455,193.28571428571428,-0.4999999999999998,-0.8660254037844388,-0.24702218048093527,-0.9690098257244063
2017-07-23,0.2517969710575796,0.7665432939451455,137.42857142857142,-0.4999999999999998,-0.8660254037844388,-0.3617137307297674,-0.9322892131745134
2017-07-30,0.23900874277328218,0.7665432939451455,130.42857142857142,-0.4999999999999998,-0.8660254037844388,-0.47115950767386394,-0.8820480249558535
2017-08-06,0.229175344652905,0.7665432939451455,125.0,-0.8660254037844384,-0.5000000000000004,-0.5737722679043243,-0.8190148866680802
2017-08-13,0.20155519817493736,0.7665432939451455,110.0,-0.8660254037844384,-0.5000000000000004,-0.6680638642135333,-0.7441039398713608
2017-08-20,0.21109396336737035,0.7665432939451455,115.28571428571429,-0.8660254037844384,-0.5000000000000004,-0.7526668275320083,-0.6584015846980489
2017-08-27,0.22407655278315092,0.7665432939451455,122.0,-0.8660254037844384,-0.5000000000000004,-0.8263541987239095,-0.5631507242749187
2017-09-03,0.27378045152061503,0.7665432939451455,149.14285714285714,-1.0,-1.8369701987210297e-16,-0.888057322629493,-0.4597327394521046
2017-09-10,0.22728273864494355,0.7665432939451455,123.85714285714286,-1.0,-1.8369701987210297e-16,-0.9368813462954315,-0.34964745525122826
2017-09-17,0.3008857148818802,0.7665432939451455,163.85714285714286,-1.0,-1.8369701987210297e-16,-0.9721181966290612,-0.23449138957041052
2017-09-24,0.30044791933124315,0.7665432939451455,191.0,-1.0,-1.8369701987210297e-16,-0.9932568492674143,-0.11593459959550066
2017-10-01,0.2948715323153395,0.7665432939451455,160.85714285714286,-0.8660254037844386,0.5000000000000001,-0.9999907397361901,0.004303538296243821
2017-10-08,0.2868781892806938,0.7665432939451455,182.5,-0.8660254037844386,0.5000000000000001,-0.9922222094179324,0.12447926388678869
2017-10-15,0.2654762465967482,0.7771539039392849,144.85714285714286,-0.8660254037844386,0.5000000000000001,-0.970063921851507,0.2428497220959358
2017-10-22,0.24967812560134095,0.7942328660140738,136.42857142857142,-0.8660254037844386,0.5000000000000001,-0.9338372288229252,0.35769823883312546
2017-10-29,0.1889796852045197,0.8071598169383489,120.0,-0.8660254037844386,0.5000000000000001,-0.8840675099433637,0.46735921715800205
2017-11-05,0.06568749357603616,0.8116530988743258,125.5,-0.5000000000000004,0.8660254037844384,-0.8214765533024145,0.5702422926917867
2017-11-12,0.0,0.8116530988743258,0.0,-0.5000000000000004,0.8660254037844384,-0.7469720876965551,0.6648553979642867
2017-11-19,0.0,0.8116530988743258,0.0,-0.5000000000000004,0.8660254037844384,-0.661634618242279,0.749826401204568
2017-11-26,0.0,0.8116530988743258,0.0,-0.5000000000000004,0.8660254037844384,-0.5667017562911184,0.8239230057575536
2017-12-03,0.0,0.8116530988743258,0.0,-2.4492935982947064e-16,1.0,-0.4635502709028512,0.8860706215341377
2017-12-10,0.0,0.8116530988743258,0.0,-2.4492935982947064e-16,1.0,-0.3536761221763721,0.935367949313148
2017-12-17,0.0,0.8116530988743258,0.0,-2.4492935982947064e-16,1.0,-0.23867276600594997,0.9711000518829505
2017-12-24,0.0,0.8116530988743258,0.0,-2.4492935982947064e-16,1.0,-0.12020804489935275,0.9927487224577402
2017-12-31,0.0,0.8116530988743258,0.0,-2.4492935982947064e-16,1.0,6.432490598706546e-16,1.0
2018-01-07,0.0,0.8116530988743258,0.0,0.49999999999999994,0.8660254037844387,0.1202080448993527,0.9927487224577402
2018-01-14,0.0,0.8116530988743258,0.0,0.49999999999999994,0.8660254037844387,0.2386727660059501,0.9711000518829505
2018-01-21,0.0,0.8116530988743258,0.0,0.49999999999999994,0.8660254037844387,0.3536761221763716,0.9353679493131483
2018-01-28,0.0,0.8116530988743258,0.0,0.49999999999999994,0.8660254037844387,0.4635502709028509,0.886070621534138
2018-02-04,0.0,0.8116530988743258,0.0,0.8660254037844386,0.5000000000000001,0.5667017562911176,0.8239230057575542
2018-02-11,0.0,0.8116530988743258,0.0,0.8660254037844386,0.5000000000000001,0.6616346182422783,0.7498264012045686
2018-02-18,0.0,0.8116530988743258,0.0,0.8660254037844386,0.5000000000000001,0.7469720876965552,0.6648553979642865
2018-02-25,0.0,0.8116530988743258,0.0,0.8660254037844386,0.5000000000000001,0.8214765533024142,0.5702422926917871
2018-03-04,0.019432442311838716,0.8116530988743258,19.5,1.0,6.123233995736766e-17,0.8840675099433636,0.46735921715800227
2018-03-11,0.07903620063014738,0.8116530988743258,52.166666666666664,1.0,6.123233995736766e-17,0.9338372288229252,0.35769823883312546
2018-03-18,0.08847527363187924,0.8116530988743258,50.285714285714285,1.0,6.123233995736766e-17,0.970063921851507,0.2428497220959356
2018-03-25,0.02970518159821265,0.8116530988743258,19.833333333333332,1.0,6.123233995736766e-17,0.9922222094179323,0.12447926388678915
2018-04-01,0.050058810664436855,0.8116530988743258,33.166666666666664,0.8660254037844387,-0.49999999999999983,0.9999907397361901,0.004303538296244289
2018-04-08,0.19995490667188054,0.8116530988743258,113.14285714285714,0.8660254037844387,-0.49999999999999983,0.9932568492674143,-0.11593459959550041
2018-04-15,0.5262008851739165,0.8116530988743258,298.14285714285717,0.8660254037844387,-0.49999999999999983,0.9721181966290613,-0.23449138957040985
2018-04-22,0.49354357823866307,0.8116530988743258,326.0,0.8660254037844387,-0.49999999999999983,0.9368813462954315,-0.3496474552512284
2018-04-29,0.6208850889076595,0.8116530988743258,351.7142857142857,0.8660254037844387,-0.49999999999999983,0.8880573226294932,-0.45973273945210397
2018-05-06,0.7757586459791203,0.8116530988743258,439.7142857142857,0.49999999999999994,-0.8660254037844387,0.8263541987239096,-0.5631507242749186
2018-05-13,0.904312885099727,0.8116530988743258,512.7142857142857,0.49999999999999994,-0.8660254037844387,0.7526668275320084,-0.6584015846980488
2018-05-20,0.7469966761541689,0.8116530988743258,423.14285714285717,0.49999999999999994,-0.8660254037844387,0.6680638642135335,-0.7441039398713607
2018-05-27,0.6424837111461279,0.8116530988743258,364.0,0.49999999999999994,-0.8660254037844387,0.5737722679043246,-0.8190148866680801
2018-06-03,0.582020204283982,0.8116530988743258,329.7142857142857,1.2246467991473532e-16,-1.0,0.4711595076738638,-0.8820480249558537
2018-06-10,0.5464235233384055,0.8116530988743258,309.42857142857144,1.2246467991473532e-16,-1.0,0.36171373072976765,-0.9322892131745133
2018-06-17,0.43964661823223333,0.8116530988743258,249.14285714285714,1.2246467991473532e-16,-1.0,0.24702218048093552,-0.9690098257244062
2018-06-24,0.36742561532879486,0.8116530988743258,243.0,1.2246467991473532e-16,-1.0,0.12874817745258132,-0.99167731989929
2018-07-01,0.37584748022191944,0.8116530988743258,248.5,-0.4999999999999998,-0.8660254037844388,0.008606996888688698,-0.9999629591162655
2018-07-08,0.3475745044563955,0.8116530988743258,196.85714285714286,-0.4999999999999998,-0.8660254037844388,-0.11165900712169444,-0.9937465804361781
2018-07-15,0.29868475860965715,0.8116530988743258,169.28571428571428,-0.4999999999999998,-0.8660254037844388,-0.23030567023061196,-0.973118337233262
2018-07-22,0.30969765445141084,0.8116530988743258,175.71428571428572,-0.4999999999999998,-0.8660254037844388,-0.3456123126707333,-0.9383773917408642
2018-07-29,0.2648825370967006,0.8116530988743258,150.14285714285714,-0.4999999999999998,-0.8660254037844388,-0.455906693508459,-0.8900275764346766
2018-08-05,0.2482374188841739,0.8116530988743258,140.71428571428572,-0.8660254037844384,-0.5000000000000004,-0.5595892624101763,-0.828770087174504
2018-08-12,0.22032379868978186,0.8116530988743258,145.66666666666666,-0.8660254037844384,-0.5000000000000004,-0.655156357209085,-0.7554933140726804
2018-08-19,0.21393557720619202,0.8116530988743258,121.0,-0.8660254037844384,-0.5000000000000004,-0.7412220108485957,-0.6712599575675315
2018-08-26,0.22737624837420584,0.8116530988743258,150.16666666666666,-0.8660254037844384,-0.5000000000000004,-0.8165380514459157,-0.5772916165517278
2018-09-02,0.23258941578057826,0.8116530988743258,153.83333333333334,-1.0,-1.8369701987210297e-16,-0.8800122039735356,-0.4749510720670502
2018-09-09,0.28240923567002035,0.8116530988743258,160.14285714285714,-1.0,-1.8369701987210297e-16,-0.9307239310379793,-0.3657225234972692
2018-09-16,0.28494018082154093,0.8116530988743258,188.33333333333334,-1.0,-1.8369701987210297e-16,-0.9679377830240642,-0.25119006388481957
2018-09-23,0.3186925562391469,0.8116530988743258,210.83333333333334,-1.0,-1.8369701987210297e-16,-0.9911140639934546,-0.13301470653419636
2018-09-30,0.3501556821071065,0.8116530988743258,198.71428571428572,-1.0,-1.8369701987210297e-16,-0.9999166586547379,-0.012910296075008843
2018-10-07,0.2832668589927379,0.8116530988743258,160.71428571428572,-0.8660254037844386,0.5000000000000001,-0.994217906893952,0.10738134666416306
2018-10-14,0.29917124104412496,0.812962755083822,169.71428571428572,-0.8660254037844386,0.5000000000000001,-0.9741004551724206,0.22611568550828803
2018-10-21,0.2840871943449025,0.8323954322815705,160.85714285714286,-0.8660254037844386,0.5000000000000001,-0.9398560579418953,0.341570769167856
2018-10-28,0.29139950061167724,0.8523282998788934,165.14285714285714,-0.8660254037844386,0.5000000000000001,-0.8919813464595487,0.45207220393230374
2018-11-04,0.13082899852625574,0.8612775159895599,173.0,-0.5000000000000004,0.8660254037844384,-0.8311706263658079,0.5560174366570446
2018-11-11,0.0,0.8612775159895599,0.0,-0.5000000000000004,0.8660254037844384,-0.7583058084785625,0.6518989958787125
2018-11-18,0.0,0.8612775159895599,0.0,-0.5000000000000004,0.8660254037844384,-0.6744436188329457,0.7383263540031063
2018-11-25,0.0,0.8612775159895599,0.0,-0.5000000000000004,0.8660254037844384,-0.5808002734538014,0.8140460935082175
2018-12-02,0.0,0.8612775159895599,0.0,-2.4492935982947064e-16,1.0,-0.4787338401157883,0.8779600847008883
2018-12-09,0.0,0.8612775159895599,0.0,-2.4492935982947064e-16,1.0,-0.3697245428906732,0.9291414114031743
2018-12-16,0.0,0.8612775159895599,0.0,-2.4492935982947064e-16,1.0,-0.2553532951161881,0.9668478136052773
2018-12-23,0.0,0.8612775159895599,0.0,-2.4492935982947064e-16,1.0,-0.13727877211326517,0.9905324521322227
2018-12-30,0.0,0.8612775159895599,0.0,-2.4492935982947064e-16,1.0,-0.01721335615583528,0.9998518392091162
2019-01-06,0.0,0.8612775159895599,0.0,0.49999999999999994,0.8660254037844387,0.10310169744743485,0.9946708199115211
2019-01-13,0.0,0.8612775159895599,0.0,0.49999999999999994,0.8660254037844387,0.22192151300416552,0.9750645322571948
2019-01-20,0.0,0.8612775159895599,0.0,0.49999999999999994,0.8660254037844387,0.3375228995941133,0.9413173175128471
2019-01-27,0.0,0.8612775159895599,0.0,0.49999999999999994,0.8660254037844387,0.4482293417404106,0.893918596519257
2019-02-03,0.0,0.8612775159895599,0.0,0.8660254037844386,0.5000000000000001,0.5524353131676196,0.8335557718385699
2019-02-10,0.0,0.8612775159895599,0.0,0.8660254037844386,0.5000000000000001,0.6486295610349814,0.7611042586607747
2019-02-17,0.0,0.8612775159895599,0.0,0.8660254037844386,0.5000000000000001,0.7354170229639855,0.6776147890466889
2019-02-24,0.0,0.8612775159895599,0.0,0.8660254037844386,0.5000000000000001,0.8115390590073611,0.5842981736283683
2019-03-03,0.004925103343706988,0.8612775159895599,9.0,1.0,6.123233995736766e-17,0.8758917051442429,0.48250774176121847
2019-03-10,0.008111969013503268,0.8612775159895599,6.0,1.0,6.123233995736766e-17,0.9275416835791966,0.37371971479046906
2019-03-17,0.019395154341285782,0.8612775159895599,12.0,1.0,6.123233995736766e-17,0.9657399376548549,0.2595117970697999
2019-03-24,0.04571060825374058,0.8612775159895599,28.333333333333332,1.0,6.123233995736766e-17,0.989932495087353,0.141540295217043
2019-03-31,0.07765384089280926,0.8612775159895599,48.166666666666664,1.0,6.123233995736766e-17,0.9997685019798909,0.021516097436222254
2019-04-07,0.2698712038720756,0.8612775159895599,143.57142857142858,0.8660254037844387,-0.49999999999999983,0.9951053111006976,-0.09882013873287143
2019-04-14,0.4466472898021071,0.8612775159895599,277.3333333333333,0.8660254037844387,-0.49999999999999983,0.9760105506323683,-0.21772323039653177
2019-04-21,0.5740059954419803,0.8612775159895599,356.5,0.8660254037844387,-0.49999999999999983,0.9427611433904207,-0.3334687789181868
2019-04-28,0.7710665441508892,0.8612775159895599,410.14285714285717,0.8660254037844387,-0.49999999999999983,0.895839290734909,-0.4443781781046132
2019-05-05,0.7929290802120275,0.8612775159895599,421.85714285714283,0.49999999999999994,-0.8660254037844387,0.835925479418637,-0.548842958284719
2019-05-12,0.8551310179500039,0.8612775159895599,455.0,0.49999999999999994,-0.8660254037844387,0.7638886127905428,-0.6453481132295501
2019-05-19,0.8441217929447296,0.8612775159895599,449.14285714285717,0.49999999999999994,-0.8660254037844387,0.6807734094770161,-0.7324940716135789
2019-05-26,0.53853431613862,0.8612775159895599,334.1666666666667,0.49999999999999994,-0.8660254037844387,0.5877852522924732,-0.8090169943749473
2019-06-02,0.6397659397380027,0.8612775159895599,397.3333333333333,1.2246467991473532e-16,-1.0,0.48627270710869,-0.8738071036110808
2019-06-09,0.5529064137627774,0.8612775159895599,343.1666666666667,1.2246467991473532e-16,-1.0,0.3777079652039649,-0.9259247771938498
2019-06-16,0.49508474995421115,0.8612775159895599,307.3333333333333,1.2246467991473532e-16,-1.0,0.26366549272800704,-0.9646141756912435
2019-06-23,0.4470072249789989,0.8612775159895599,237.85714285714286,1.2246467991473532e-16,-1.0,0.1457991969198751,-0.9893142039703663
2019-06-30,0.42165295061836205,0.8612775159895599,224.14285714285714,1.2246467991473532e-16,-1.0,0.02581844022713308,-0.9996666485105112
2019-07-07,0.42101055423448375,0.8612775159895599,224.14285714285714,-0.4999999999999998,-0.8660254037844388,-0.09453674981719933,-0.9955213724144752
2019-07-14,0.4289631316640172,0.8612775159895599,228.42857142857142,-0.4999999999999998,-0.8660254037844388,-0.2135209154397959,-0.9769384927771817
2019-07-21,0.4090484573599498,0.8612775159895599,217.57142857142858,-0.4999999999999998,-0.8660254037844388,-0.3294084822245302,-0.9441875088341994
2019-07-28,0.4105927203062173,0.8612775159895599,218.42857142857142,-0.4999999999999998,-0.8660254037844388,-0.4405187843504952,-0.8977433935342336
2019-08-04,0.31203404526952827,0.8612775159895599,165.85714285714286,-0.8660254037844384,-0.5000000000000004,-0.5452404385406507,-0.8382797052177745
2019-08-11,0.28895800794909976,0.8612775159895599,153.71428571428572,-0.8660254037844384,-0.5000000000000004,-0.6420547132365636,-0.7666588193001592
2019-08-18,0.26138577554728304,0.8612775159895599,138.85714285714286,-0.8660254037844384,-0.5000000000000004,-0.7295575540864876,-0.6839194216246105
2019-08-25,0.2505291800587797,0.8612775159895599,133.28571428571428,-0.8660254037844384,-0.5000000000000004,-0.8064799463209447,-0.5912614448635782
2019-09-01,0.24666668727487145,0.8612775159895599,131.42857142857142,-1.0,-1.8369701987210297e-16,-0.8717063187093218,-0.4900286664290594
2019-09-08,0.28994314453899317,0.8612775159895599,154.28571428571428,-1.0,-1.8369701987210297e-16,-0.9242907221930934,-0.3816892202666586
2019-09-15,0.3030916944040223,0.8612775159895599,161.14285714285714,-1.0,-1.8369701987210297e-16,-0.9634705485641486,-0.26781430516217486
2019-09-22,0.3389768258161042,0.8612775159895599,180.28571428571428,-1.0,-1.8369701987210297e-16,-0.9886775902323404,-0.15005539834465262
2019-09-29,0.3639837231246469,0.8612775159895599,193.71428571428572,-1.0,-1.8369701987210297e-16,-0.9995462806873573,-0.03012030484690836
2019-10-06,0.3087552154858294,0.8612775159895599,164.28571428571428,-0.8660254037844386,0.5000000000000001,-0.9959189961471792,0.0902516100310407
2019-10-13,0.3253632389297232,0.8735416829165552,173.14285714285714,-0.8660254037844386,0.5000000000000001,-0.9778483415056568,0.20931464596304888
2019-10-20,0.29019971668870453,0.8933924805925781,154.42857142857142,-0.8660254037844386,0.5000000000000001,-0.9455963874271428,0.3253420847119795
2019-10-27,0.3071522191558931,0.9144028958603007,163.42857142857142,-0.8660254037844386,0.5000000000000001,-0.8996308696522434,0.4366512319560638
2019-11-03,0.15477734251531897,0.9249902725337242,144.0,-0.5000000000000004,0.8660254037844384,-0.8406184056344783,0.5416278206559811
2019-11-10,0.0,0.9249902725337242,0.0,-0.5000000000000004,0.8660254037844384,-0.7694148268839381,0.6387494220515268
2019-11-17,0.0,0.9249902725337242,0.0,-0.5000000000000004,0.8660254037844384,-0.6870527672236675,0.726607524768565
2019-11-24,0.0,0.9249902725337242,0.0,-0.5000000000000004,0.8660254037844384,-0.594726686960764,0.8039279618328208
2019-12-01,0.0,0.9249902725337242,0.0,-2.4492935982947064e-16,1.0,-0.4937755501599774,0.8695893893466109
2019-12-08,0.0,0.9249902725337242,0.0,-2.4492935982947064e-16,1.0,-0.38566340624360745,0.9226395488404875
2019-12-15,0.0,0.9249902725337242,0.0,-2.4492935982947064e-16,1.0,-0.27195815753410524,0.9623090774541487
2019-12-22,0.0,0.9249902725337242,0.0,-2.4492935982947064e-16,1.0,-0.154308820664281,0.9880226656636976
2019-12-29,0.0,0.9249902725337242,0.0,-2.4492935982947064e-16,1.0,-0.034421611622745804,0.9994074007397048
2020-01-05,0.0,0.9249902725337242,0.0,0.49999999999999994,0.8660254037844387,0.08596479873744647,0.9962981749346078
2020-01-12,0.0,0.9249902725337242,0.0,0.49999999999999994,0.8660254037844387,0.2051044998686192,0.9787400799669153
2020-01-19,0.0,0.9249902725337242,0.0,0.49999999999999994,0.8660254037844387,0.3212696616923644,0.9469877530760753
2020-01-26,0.0,0.9249902725337242,0.0,0.49999999999999994,0.8660254037844387,0.4327755925504312,0.901501684131884
2020-02-02,0.0,0.9249902725337242,0.0,0.8660254037844386,0.5000000000000001,0.5380051715382996,0.8429415373547828
2020-02-09,0.0,0.9249902725337242,0.0,0.8660254037844386,0.5000000000000001,0.6354323008901774,0.7721565844991642
2020-02-16,0.0,0.9249902725337242,0.0,0.8660254037844386,0.5000000000000001,0.7236440382959124,0.6901733882429719
2020-02-23,0.0,0.9249902725337242,0.0,0.8660254037844386,0.5000000000000001,0.8013610881746766,0.5981809144059164
2020-03-01,0.0001043290367802359,0.9249902725337242,0.0,1.0,6.123233995736766e-17,0.8674563547295968,0.49751328890718066
2020-03-08,0.03117931224753339,0.9249902725337242,14.142857142857142,1.0,6.123233995736766e-17,0.9209712877166346,0.38963044953078796
2020-03-15,0.03217140410654545,0.9249902725337242,14.714285714285714,1.0,6.123233995736766e-17,0.9611297838723007,0.27609697309746883
2020-03-22,0.029022406013061993,0.9249902725337242,13.142857142857142,1.0,6.123233995736766e-17,0.9873494423939864,0.15855938510313478
2020-03-29,0.11624283317477895,0.9249902725337242,53.142857142857146,1.0,6.123233995736766e-17,0.9992500112396835,0.03872228089217446
2020-04-05,0.3377896000179291,0.9249902725337242,180.0,0.8660254037844387,-0.49999999999999983,0.9966589017541702,-0.08167639533042241
2020-04-12,0.22481806175197044,0.9249902725337242,102.57142857142857,0.8660254037844387,-0.49999999999999983,0.9796136916454901,-0.20089055513063506
2020-04-19,0.524498389855199,0.9249902725337242,239.28571428571428,0.8660254037844387,-0.49999999999999983,0.9483615800121715,-0.3171912885891061
2020-04-26,0.6993038162016039,0.9249902725337242,319.2857142857143,0.8660254037844387,-0.49999999999999983,0.9033558023246845,-0.4288919379124835
2020-05-03,0.8465970959433006,0.9249902725337242,386.42857142857144,0.49999999999999994,-0.8660254037844387,0.8452490573530633,-0.5343725582809787
2020-05-10,0.9172301722665599,0.9249902725337242,418.85714285714283,0.49999999999999994,-0.8660254037844387,0.7748840413670407,-0.6321034111873487
2020-05-17,0.8675311035770948,0.9249902725337242,396.0,0.49999999999999994,-0.8660254037844387,0.6932812268869777,-0.7206671495538609
2020-05-24,0.8607340668308625,0.9249902725337242,392.85714285714283,0.49999999999999994,-0.8660254037844387,0.6016240632249226,-0.7987793728863649
2020-05-31,0.7594017850311788,0.9249902725337242,346.7142857142857,0.49999999999999994,-0.8660254037844387,0.5012418134457758,-0.865307254363206
2020-06-07,0.6502125607523437,0.9249902725337242,296.85714285714283,1.2246467991473532e-16,-1.0,0.39359027665646673,-0.9192859697186104
2020-06-14,0.45994421874166813,0.9249902725337242,209.85714285714286,1.2246467991473532e-16,-1.0,0.28023067519921585,-0.9599326896597447
2020-06-21,0.3925177146840414,0.9249902725337242,179.14285714285714,1.2246467991473532e-16,-1.0,0.16280701293851715,-0.986657932891657
2020-06-28,0.34973218349854673,0.9249902725337242,159.57142857142858,1.2246467991473532e-16,-1.0,0.04302223300453059,-0.99907411510223
2020-07-05,0.3232988764149142,0.9249902725337242,147.42857142857142,-0.4999999999999998,-0.8660254037844388,-0.07738647923346322,-0.9970011699250151
2020-07-12,0.32828677038260934,0.9249902725337242,150.0,-0.4999999999999998,-0.8660254037844388,-0.19667288979357622,-0.9804691603616321
2020-07-19,0.35090916959496377,0.9249902725337242,160.14285714285714,-0.4999999999999998,-0.8660254037844388,-0.3131070409358267,-0.9497178427914317
2020-07-26,0.3536893452232371,0.9249902725337242,161.42857142857142,-0.4999999999999998,-0.8660254037844388,-0.42500033996955394,-0.9051931898913975
2020-08-02,0.37590273597102897,0.9249902725337242,171.57142857142858,-0.8660254037844384,-0.5000000000000004,-0.5307300481619331,-0.8475409228928312
2020-08-09,0.3794462523850777,0.9249902725337242,173.28571428571428,-0.8660254037844384,-0.5000000000000004,-0.6287628145958345,-0.7775971469736268
2020-08-16,0.3592978037578546,0.9249902725337242,164.14285714285714,-0.8660254037844384,-0.5000000000000004,-0.7176769136759615,-0.6963762255968726
2020-08-23,0.3009612568325859,0.9249902725337242,137.42857142857142,-0.8660254037844384,-0.5000000000000004,-0.7961828637826154,-0.6050560696488494
2020-08-30,0.2822270462594949,0.9249902725337242,128.71428571428572,-0.8660254037844384,-0.5000000000000004,-0.8631421280499115,-0.5049610547215202
2020-09-06,0.33084283178372514,0.9249902725337242,151.0,-1.0,-1.8369701987210297e-16,-0.9175836260593934,-0.3975428142825566
2020-09-13,0.2743554204344261,0.9249902725337242,125.28571428571429,-1.0,-1.8369701987210297e-16,-0.9587178169872964,-0.2843591872810036
2020-09-20,0.2759562915432428,0.9249902725337242,126.14285714285714,-1.0,-1.8369701987210297e-16,-0.9859481499638303,-0.1670516255021195
2020-09-27,0.33687923257106156,0.9249902725337242,153.85714285714286,-1.0,-1.8369701987210297e-16,-0.9988797155850335,-0.04732138832243232
2020-10-04,0.3924365698776568,0.9249902725337242,179.0,-0.8660254037844386,0.5000000000000001,-0.9973249731081555,0.07309512989807776
2020-10-11,0.34979362170909506,0.9249902725337242,159.71428571428572,-0.8660254037844386,0.5000000000000001,-0.9813064702716093,0.19245158197082995
2020-10-18,0.3002338516039237,0.929343612698905,137.0,-0.8660254037844386,0.5000000000000001,-0.9510565162951536,0.30901699437494723
2020-10-25,0.25938942010830124,0.9470868653685628,118.42857142857143,-0.8660254037844386,0.5000000000000001,-0.9070138128026362,0.42110087079608916
2020-11-01,0.2316711270549922,0.962934078188133,123.5,-0.5000000000000004,0.8660254037844384,-0.8498170915275277,0.5270777086423724
2020-11-08,0.0,0.962934078188133,0.0,-0.5000000000000004,0.8660254037844384,-0.780295851070776,0.6254105729852457
2020-11-15,0.0,0.962934078188133,0.0,-0.5000000000000004,0.8660254037844384,-0.6994583270516471,0.7146733860429608
2020-11-22,0.0,0.962934078188133,0.0,-0.5000000000000004,0.8660254037844384,-0.6084768701151264,0.7935716089521472
2020-11-29,0.0,0.962934078188133,0.0,-0.5000000000000004,0.8660254037844384,-0.5086709438521042,0.8609610158889945
2020-12-06,0.0,0.962934078188133,0.0,-2.4492935982947064e-16,1.0,-0.4014879892059737,0.9158642882672868
2020-12-13,0.0,0.962934078188133,0.0,-2.4492935982947064e-16,1.0,-0.2884824328806098,0.9574851883550389
2020-12-20,0.0,0.962934078188133,0.0,-2.4492935982947064e-16,1.0,-0.1712931441814778,0.9852201067560606
2020-12-27,0.0,0.962934078188133,0.0,-2.4492935982947064e-16,1.0,-0.05161966722325418,0.9986668162884759
2021-01-03,0.0,0.962934078188133,0.0,0.49999999999999994,0.8660254037844387,0.051619667223253764,0.998666816288476
2021-01-10,0.0,0.962934078188133,0.0,0.49999999999999994,0.8660254037844387,0.1712931441814776,0.9852201067560606
2021-01-17,0.0,0.962934078188133,0.0,0.49999999999999994,0.8660254037844387,0.288482432880609,0.9574851883550393
2021-01-24,0.0,0.962934078188133,0.0,0.49999999999999994,0.8660254037844387,0.401487989205973,0.9158642882672872
2021-01-31,0.0,0.962934078188133,0.0,0.49999999999999994,0.8660254037844387,0.5086709438521044,0.8609610158889943
2021-02-07,0.0,0.962934078188133,0.0,0.8660254037844386,0.5000000000000001,0.6084768701151261,0.7935716089521474
2021-02-14,0.0,0.962934078188133,0.0,0.8660254037844386,0.5000000000000001,0.6994583270516471,0.7146733860429609
2021-02-21,0.0,0.962934078188133,0.0,0.8660254037844386,0.5000000000000001,0.7802958510707755,0.6254105729852463
2021-02-28,0.0,0.962934078188133,0.0,0.8660254037844386,0.5000000000000001,0.8498170915275278,0.5270777086423722
2021-03-07,0.08469180043323599,0.962934078188133,42.166666666666664,1.0,6.123233995736766e-17,0.9070138128026359,0.4211008707960896
2021-03-14,0.07607596081246816,0.962934078188133,37.666666666666664,1.0,6.123233995736766e-17,0.9510565162951535,0.30901699437494745
2021-03-21,0.07289025435419166,0.962934078188133,36.166666666666664,1.0,6.123233995736766e-17,0.9813064702716093,0.19245158197082998
2021-03-28,0.14635798924715393,0.962934078188133,72.83333333333333,1.0,6.123233995736766e-17,0.9973249731081555,0.07309512989807777
2021-04-04,0.20096419350176933,0.962934078188133,85.71428571428571,0.8660254037844387,-0.49999999999999983,0.9988797155850336,-0.04732138832243185
2021-04-11,0.2814824460599559,0.962934078188133,140.0,0.8660254037844387,-0.49999999999999983,0.9859481499638304,-0.16705162550211924
2021-04-18,0.37288298996200103,0.962934078188133,159.14285714285714,0.8660254037844387,-0.49999999999999983,0.9587178169872964,-0.2843591872810034
2021-04-25,0.43231904901378143,0.962934078188133,184.42857142857142,0.8660254037844387,-0.49999999999999983,0.9175836260593937,-0.39754281428255595
2021-05-02,0.5463253767630641,0.962934078188133,233.0,0.49999999999999994,-0.8660254037844387,0.8631421280499114,-0.5049610547215204
2021-05-09,0.7296604746739331,0.962934078188133,311.14285714285717,0.49999999999999994,-0.8660254037844387,0.7961828637826158,-0.6050560696488488
2021-05-16,0.8433781587547904,0.962934078188133,359.7142857142857,0.49999999999999994,-0.8660254037844387,0.717676913675962,-0.6963762255968722
2021-05-23,0.7553086091548343,0.962934078188133,375.5,0.49999999999999994,-0.8660254037844387,0.6287628145958344,-0.777597146973627
2021-05-30,0.7654642680777104,0.962934078188133,326.2857142857143,0.49999999999999994,-0.8660254037844387,0.5307300481619334,-0.8475409228928311
2021-06-06,0.7536544143161077,0.962934078188133,321.14285714285717,1.2246467991473532e-16,-1.0,0.42500033996955416,-0.9051931898913974
2021-06-13,0.6795006194053553,0.962934078188133,289.7142857142857,1.2246467991473532e-16,-1.0,0.3131070409358269,-0.9497178427914316
2021-06-20,0.5784268417745828,0.962934078188133,246.57142857142858,1.2246467991473532e-16,-1.0,0.19667288979357647,-0.980469160361632
2021-06-27,0.5319248784566721,0.962934078188133,226.85714285714286,1.2246467991473532e-16,-1.0,0.07738647923346301,-0.9970011699250151
2021-07-04,0.4259429992511493,0.962934078188133,181.71428571428572,-0.4999999999999998,-0.8660254037844388,-0.04302223300453034,-0.99907411510223
2021-07-11,0.36963391327397654,0.962934078188133,157.57142857142858,-0.4999999999999998,-0.8660254037844388,-0.16280701293851646,-0.9866579328916572
2021-07-18,0.36399338322064506,0.962934078188133,155.14285714285714,-0.4999999999999998,-0.8660254037844388,-0.2802306751992161,-0.9599326896597445
2021-07-25,0.3359120637597248,0.962934078188133,143.0,-0.4999999999999998,-0.8660254037844388,-0.39359027665646645,-0.9192859697186105
2021-08-01,0.30749824379454754,0.962934078188133,131.14285714285714,-0.8660254037844384,-0.5000000000000004,-0.5012418134457756,-0.8653072543632061
2021-08-08,0.2918765161520669,0.962934078188133,124.42857142857143,-0.8660254037844384,-0.5000000000000004,-0.6016240632249227,-0.7987793728863648
2021-08-15,0.29818494524271183,0.962934078188133,127.14285714285714,-0.8660254037844384,-0.5000000000000004,-0.6932812268869771,-0.7206671495538615
2021-08-22,0.2702985665190346,0.962934078188133,115.42857142857143,-0.8660254037844384,-0.5000000000000004,-0.7748840413670406,-0.6321034111873488
2021-08-29,0.2963872013774524,0.962934078188133,126.28571428571429,-0.8660254037844384,-0.5000000000000004,-0.8452490573530634,-0.5343725582809785
2021-09-05,0.35639011486240546,0.962934078188133,151.85714285714286,-1.0,-1.8369701987210297e-16,-0.9033558023246842,-0.4288919379124841
2021-09-12,0.3891701050168356,0.962934078188133,165.85714285714286,-1.0,-1.8369701987210297e-16,-0.9483615800121716,-0.31719128858910595
2021-09-19,0.38891391927096414,0.962934078188133,165.57142857142858,-1.0,-1.8369701987210297e-16,-0.9796136916454901,-0.20089055513063528
2021-09-26,0.39158281059333855,0.962934078188133,166.85714285714286,-1.0,-1.8369701987210297e-16,-0.99665890175417,-0.08167639533042288
2021-10-03,0.3479046865376129,0.962934078188133,172.83333333333334,-0.8660254037844386,0.5000000000000001,-0.9992500112396835,0.03872228089217399
2021-10-10,0.3613617798688236,0.962934078188133,154.14285714285714,-0.8660254037844386,0.5000000000000001,-0.9873494423939864,0.15855938510313475
2021-10-17,0.3108835278361462,0.962934078188133,154.5,-0.8660254037844386,0.5000000000000001,-0.9611297838723007,0.27609697309746883
2021-10-24,0.34339786535062666,0.962934078188133,146.42857142857142,-0.8660254037844386,0.5000000000000001,-0.9209712877166346,0.38963044953078774
2021-10-31,0.1719462311328665,0.962934078188133,73.42857142857143,-0.8660254037844386,0.5000000000000001,-0.867456354729597,0.4975132889071803
2021-11-07,0.0,0.962934078188133,0.0,-0.5000000000000004,0.8660254037844384,-0.8013610881746769,0.5981809144059159
2021-11-14,0.0,0.962934078188133,0.0,-0.5000000000000004,0.8660254037844384,-0.7236440382959123,0.690173388242972
2021-11-21,0.0,0.962934078188133,0.0,-0.5000000000000004,0.8660254037844384,-0.6354323008901775,0.7721565844991641
2021-11-28,0.0,0.962934078188133,0.0,-0.5000000000000004,0.8660254037844384,-0.5380051715382992,0.8429415373547832
2021-12-05,0.0,0.962934078188133,0.0,-2.4492935982947064e-16,1.0,-0.4327755925504317,0.9015016841318838
2021-12-12,0.0,0.962934078188133,0.0,-2.4492935982947064e-16,1.0,-0.32126966169236515,0.946987753076075
2021-12-19,0.0,0.962934078188133,0.0,-2.4492935982947064e-16,1.0,-0.20510449986861926,0.9787400799669153
2021-12-26,0.0,0.962934078188133,0.0,-2.4492935982947064e-16,1.0,-0.0859647987374467,0.9962981749346077
2022-01-02,0.0,0.962934078188133,0.0,0.49999999999999994,0.8660254037844387,0.03442161162274574,0.9994074007397048
2022-01-09,0.0,0.962934078188133,0.0,0.49999999999999994,0.8660254037844387,0.15430882066428117,0.9880226656636976
2022-01-16,0.0,0.962934078188133,0.0,0.49999999999999994,0.8660254037844387,0.2719581575341055,0.9623090774541486
2022-01-23,0.0,0.962934078188133,0.0,0.49999999999999994,0.8660254037844387,0.38566340624360707,0.9226395488404876
2022-01-30,0.0,0.962934078188133,0.0,0.49999999999999994,0.8660254037844387,0.4937755501599772,0.869589389346611
2022-02-06,0.0,0.962934078188133,0.0,0.8660254037844386,0.5000000000000001,0.5947266869607634,0.8039279618328213
2022-02-13,0.0,0.962934078188133,0.0,0.8660254037844386,0.5000000000000001,0.6870527672236669,0.7266075247685656
2022-02-20,0.0,0.962934078188133,0.0,0.8660254037844386,0.5000000000000001,0.7694148268839378,0.6387494220515272
2022-02-27,0.0,0.962934078188133,0.0,0.8660254037844386,0.5000000000000001,0.8406184056344782,0.5416278206559814
2022-03-06,0.06529200924587107,0.962934078188133,35.4,1.0,6.123233995736766e-17,0.8996308696522433,0.43665123195606403
2022-03-13,0.08182352472945935,0.962934078188133,37.0,1.0,6.123233995736766e-17,0.9455963874271426,0.3253420847119801
2022-03-20,0.14913932408694705,0.962934078188133,67.16666666666667,1.0,6.123233995736766e-17,0.9778483415056568,0.20931464596304847
2022-03-27,0.16756151355929713,0.962934078188133,64.71428571428571,1.0,6.123233995736766e-17,0.995918996147179,0.09025161003104117
2022-04-03,0.09427133123078123,0.962934078188133,36.57142857142857,0.8660254037844387,-0.49999999999999983,0.9995462806873573,-0.030120304846908114
2022-04-10,0.46839119988438793,0.962934078188133,180.71428571428572,0.8660254037844387,-0.49999999999999983,0.9886775902323405,-0.1500553983446526
2022-04-17,0.4735630220798882,0.962934078188133,213.33333333333334,0.8660254037844387,-0.49999999999999983,0.9634705485641488,-0.2678143051621742
2022-04-24,0.7472041750162096,0.962934078188133,288.42857142857144,0.8660254037844387,-0.49999999999999983,0.9242907221930934,-0.3816892202666588
2022-05-01,0.7007736964086854,0.962934078188133,270.42857142857144,0.49999999999999994,-0.8660254037844387,0.8717063187093218,-0.49002866642905923
2022-05-08,0.7529621718368789,0.962934078188133,290.57142857142856,0.49999999999999994,-0.8660254037844387,0.8064799463209448,-0.5912614448635781
2022-05-15,0.8005605560505817,0.962934078188133,309.0,0.49999999999999994,-0.8660254037844387,0.7295575540864875,-0.6839194216246106
2022-05-22,0.8969534375644811,0.962934078188133,346.14285714285717,0.49999999999999994,-0.8660254037844387,0.6420547132365637,-0.766658819300159
2022-05-29,0.7309918291044009,0.962934078188133,282.14285714285717,0.49999999999999994,-0.8660254037844387,0.545240438540651,-0.8382797052177743
2022-06-05,0.6066806905500304,0.962934078188133,234.0,1.2246467991473532e-16,-1.0,0.440518784350495,-0.8977433935342337
2022-06-12,0.5585728328733839,0.962934078188133,215.71428571428572,1.2246467991473532e-16,-1.0,0.3294084822245304,-0.9441875088341993
2022-06-19,0.5644469440479511,0.962934078188133,217.71428571428572,1.2246467991473532e-16,-1.0,0.21352091543979612,-0.9769384927771817
2022-06-26,0.4935312133157854,0.962934078188133,190.42857142857142,1.2246467991473532e-16,-1.0,0.09453674981719912,-0.9955213724144752
2022-07-03,0.4385476857114815,0.962934078188133,197.66666666666666,-0.4999999999999998,-0.8660254037844388,-0.02581844022713239,-0.9996666485105112
2022-07-10,0.4214614875156783,0.962934078188133,189.83333333333334,-0.4999999999999998,-0.8660254037844388,-0.14579919691987442,-0.9893142039703664
2022-07-17,0.40029119393376883,0.962934078188133,180.33333333333334,-0.4999999999999998,-0.8660254037844388,-0.2636654927280072,-0.9646141756912435
2022-07-24,0.3655619896088279,0.962934078188133,141.0,-0.4999999999999998,-0.8660254037844388,-0.37770796520396466,-0.9259247771938499
2022-07-31,0.3430974363650836,0.962934078188133,132.42857142857142,-0.4999999999999998,-0.8660254037844388,-0.4862727071086902,-0.8738071036110807
2022-08-07,0.34608742927843716,0.962934078188133,133.57142857142858,-0.8660254037844384,-0.5000000000000004,-0.5877852522924734,-0.8090169943749472
2022-08-14,0.31097781037308836,0.962934078188133,120.14285714285714,-0.8660254037844384,-0.5000000000000004,-0.6807734094770159,-0.7324940716135792
2022-08-21,0.3208303354835419,0.962934078188133,123.85714285714286,-0.8660254037844384,-0.5000000000000004,-0.7638886127905429,-0.64534811322955
2022-08-28,0.36748589432782347,0.962934078188133,142.0,-0.8660254037844384,-0.5000000000000004,-0.8359254794186365,-0.5488429582847199
2022-09-04,0.3928654781399755,0.962934078188133,151.57142857142858,-1.0,-1.8369701987210297e-16,-0.8958392907349089,-0.44437817810461344
2022-09-11,0.41476781379662636,0.962934078188133,160.0,-1.0,-1.8369701987210297e-16,-0.9427611433904206,-0.33346877891818705
2022-09-18,0.4420457996743388,0.962934078188133,170.85714285714286,-1.0,-1.8369701987210297e-16,-0.9760105506323682,-0.21772323039653224
2022-09-25,0.12274813502186659,0.962934078188133,47.57142857142857,-1.0,-1.8369701987210297e-16,-0.9951053111006974,-0.09882013873287211
2022-10-02,0.2868437993389403,0.962934078188133,110.71428571428571,-0.8660254037844386,0.5000000000000001,-0.9997685019798909,0.021516097436222233
2022-10-09,0.30600730457819,0.962934078188133,118.28571428571429,-0.8660254037844386,0.5000000000000001,-0.989932495087353,0.141540295217043
2022-10-16,0.2795848168020754,0.9675358747978285,107.85714285714286,-0.8660254037844386,0.5000000000000001,-0.965739937654855,0.25951179706979943
2022-10-23,0.21296879479869518,0.9821037748119773,96.0,-0.8660254037844386,0.5000000000000001,-0.9275416835791965,0.3737197147904692
2022-10-30,0.18933575634301222,0.9950550823972759,85.33333333333333,-0.8660254037844386,0.5000000000000001,-0.8758917051442433,0.48250774176121763
2022-11-06,0.04414316107707752,0.9980746475757669,119.0,-0.5000000000000004,0.8660254037844384,-0.8115390590073611,0.5842981736283683
2022-11-13,0.0,0.9980746475757669,0.0,-0.5000000000000004,0.8660254037844384,-0.7354170229639858,0.6776147890466887
2022-11-20,0.0,0.9980746475757669,0.0,-0.5000000000000004,0.8660254037844384,-0.6486295610349818,0.7611042586607742
2022-11-27,0.0,0.9980746475757669,0.0,-0.5000000000000004,0.8660254037844384,-0.5524353131676203,0.8335557718385695
2022-12-04,0.0,0.9980746475757669,0.0,-2.4492935982947064e-16,1.0,-0.4482293417404106,0.893918596519257
2022-12-11,0.0,0.9980746475757669,0.0,-2.4492935982947064e-16,1.0,-0.33752289959411347,0.941317317512847
2022-12-18,0.0,0.9980746475757669,0.0,-2.4492935982947064e-16,1.0,-0.22192151300416674,0.9750645322571945
2022-12-25,0.0,0.9980746475757669,0.0,-2.4492935982947064e-16,1.0,-0.10310169744743544,0.9946708199115211
2023-01-01,0.0,0.9980746475757669,0.0,0.49999999999999994,0.8660254037844387,0.017213356155834685,0.9998518392091162
2023-01-08,0.0,0.9980746475757669,0.0,0.49999999999999994,0.8660254037844387,0.13727877211326478,0.9905324521322229
2023-01-15,0.0,0.9980746475757669,0.0,0.49999999999999994,0.8660254037844387,0.255353295116187,0.9668478136052775
2023-01-22,0.0,0.9980746475757669,0.0,0.49999999999999994,0.8660254037844387,0.3697245428906731,0.9291414114031743
2023-01-29,0.0,0.9980746475757669,0.0,0.49999999999999994,0.8660254037844387,0.47873384011578846,0.8779600847008882
2023-02-05,0.0,0.9980746475757669,0.0,0.8660254037844386,0.5000000000000001,0.5808002734538009,0.8140460935082178
2023-02-12,0.0,0.9980746475757669,0.0,0.8660254037844386,0.5000000000000001,0.6744436188329455,0.7383263540031065
2023-02-19,0.0,0.9980746475757669,0.0,0.8660254037844386,0.5000000000000001,0.7583058084785625,0.6518989958787126
2023-02-26,0.0,0.9980746475757669,0.0,0.8660254037844386,0.5000000000000001,0.8311706263658079,0.5560174366570446
2023-03-05,0.005895749789603109,0.9980746475757669,4.25,1.0,6.123233995736766e-17,0.8919813464595485,0.45207220393230435
2023-03-12,0.022752424104489778,0.9980746475757669,9.142857142857142,1.0,6.123233995736766e-17,0.9398560579418954,0.3415707691678556
2023-03-19,0.02796617111662209,0.9980746475757669,11.0,1.0,6.123233995736766e-17,0.9741004551724205,0.22611568550828828
2023-03-26,0.01884163084059064,0.9980746475757669,8.666666666666666,1.0,6.123233995736766e-17,0.994217906893952,0.10738134666416309
2023-04-02,0.025466138272295692,0.9980746475757669,12.0,0.8660254037844387,-0.49999999999999983,0.9999166586547379,-0.01291029607500882
2023-04-09,0.06422225021503374,0.9980746475757669,29.5,0.8660254037844387,-0.49999999999999983,0.9911140639934547,-0.1330147065341959
2023-04-16,0.15780307778386576,0.9980746475757669,73.0,0.8660254037844387,-0.49999999999999983,0.9679377830240642,-0.25119006388481935
2023-04-23,0.26251542717330906,0.9980746475757669,103.85714285714286,0.8660254037844387,-0.49999999999999983,0.9307239310379795,-0.36572252349726897
2023-04-30,0.4674164961981726,0.9980746475757669,185.14285714285714,0.8660254037844387,-0.49999999999999983,0.8800122039735357,-0.47495107206704995
2023-05-07,0.5195800485786908,0.9980746475757669,205.71428571428572,0.49999999999999994,-0.8660254037844387,0.8165380514459161,-0.5772916165517272
2023-05-14,0.7200119707909609,0.9980746475757669,285.0,0.49999999999999994,-0.8660254037844387,0.741222010848596,-0.6712599575675313
2023-05-21,0.9077822119765097,0.9980746475757669,359.42857142857144,0.49999999999999994,-0.8660254037844387,0.6551563572090853,-0.7554933140726803
2023-05-28,1.0,0.9980746475757669,396.0,0.49999999999999994,-0.8660254037844387,0.5595892624101765,-0.8287700871745037
2023-06-04,0.9517899385076929,0.9980746475757669,376.85714285714283,1.2246467991473532e-16,-1.0,0.4559066935084588,-0.8900275764346767
2023-06-11,0.6806047683779461,0.9980746475757669,269.7142857142857,1.2246467991473532e-16,-1.0,0.3456123126707335,-0.9383773917408641
2023-06-18,0.6524765008504748,0.9980746475757669,258.42857142857144,1.2246467991473532e-16,-1.0,0.23030567023061221,-0.9731183372332619
2023-06-25,0.6220296170815227,0.9980746475757669,246.28571428571428,1.2246467991473532e-16,-1.0,0.11165900712169512,-0.993746580436178
2023-07-02,0.6461363866449559,0.9980746475757669,255.85714285714286,-0.4999999999999998,-0.8660254037844388,-0.008606996888688009,-0.9999629591162655
2023-07-09,0.5336648549478625,0.9980746475757669,211.28571428571428,-0.4999999999999998,-0.8660254037844388,-0.12874817745258066,-0.99167731989929
2023-07-16,0.4167365413610534,0.9980746475757669,164.85714285714286,-0.4999999999999998,-0.8660254037844388,-0.24702218048093527,-0.9690098257244063
2023-07-23,0.3838012168629727,0.9980746475757669,152.0,-0.4999999999999998,-0.8660254037844388,-0.3617137307297674,-0.9322892131745134
2023-07-30,0.3595186335523728,0.9980746475757669,142.28571428571428,-0.4999999999999998,-0.8660254037844388,-0.47115950767386394,-0.8820480249558535
2023-08-06,0.3779564723802399,0.9980746475757669,149.71428571428572,-0.8660254037844384,-0.5000000000000004,-0.5737722679043243,-0.8190148866680802
2023-08-13,0.3901482863376103,0.9980746475757669,154.57142857142858,-0.8660254037844384,-0.5000000000000004,-0.6680638642135333,-0.7441039398713608
2023-08-20,0.35021499509653525,0.9980746475757669,138.85714285714286,-0.8660254037844384,-0.5000000000000004,-0.7526668275320083,-0.6584015846980489
2023-08-27,0.3161289599631525,0.9980746475757669,125.14285714285714,-0.8660254037844384,-0.5000000000000004,-0.8263541987239095,-0.5631507242749187
2023-09-03,0.32594245828577345,0.9980746475757669,129.0,-1.0,-1.8369701987210297e-16,-0.888057322629493,-0.4597327394521046
2023-09-10,0.38104538467661475,0.9980746475757669,151.0,-1.0,-1.8369701987210297e-16,-0.9368813462954315,-0.34964745525122826
2023-09-17,0.4228421084357368,0.9980746475757669,167.57142857142858,-1.0,-1.8369701987210297e-16,-0.9721181966290612,-0.23449138957041052
2023-09-24,0.45138382807192984,0.9980746475757669,178.57142857142858,-1.0,-1.8369701987210297e-16,-0.9932568492674143,-0.11593459959550066
2023-10-01,0.4357785225926461,0.9980746475757669,172.57142857142858,-0.8660254037844386,0.5000000000000001,-0.9999907397361901,0.004303538296243821
2023-10-08,0.42993184609071367,0.9980746475757669,170.28571428571428,-0.8660254037844386,0.5000000000000001,-0.9922222094179324,0.12447926388678869
2023-10-15,0.401520344548576,0.9980746475757669,158.85714285714286,-0.8660254037844386,0.5000000000000001,-0.970063921851507,0.2428497220959358
2023-10-22,0.4077480152366762,0.9980746475757669,161.57142857142858,-0.8660254037844386,0.5000000000000001,-0.9338372288229252,0.35769823883312546
2023-10-29,0.3484993620472603,0.9980746475757669,160.83333333333334,-0.8660254037844386,0.5000000000000001,-0.8840675099433637,0.46735921715800205
2023-11-05,0.10263117830759755,1.0,142.5,-0.5000000000000004,0.8660254037844384,-0.8214765533024145,0.5702422926917867
2023-11-12,0.0,1.0,0.0,-0.5000000000000004,0.8660254037844384,-0.7469720876965551,0.6648553979642867
2023-11-19,0.0,1.0,0.0,-0.5000000000000004,0.8660254037844384,-0.661634618242279,0.749826401204568
2023-11-26,0.0,1.0,0.0,-0.5000000000000004,0.8660254037844384,-0.5667017562911184,0.8239230057575536
2023-12-03,0.0,1.0,0.0,-2.4492935982947064e-16,1.0,-0.4635502709028512,0.8860706215341377
2023-12-10,0.0,1.0,0.0,-2.4492935982947064e-16,1.0,-0.3536761221763721,0.935367949313148
2023-12-17,0.0,1.0,0.0,-2.4492935982947064e-16,1.0,-0.23867276600594997,0.9711000518829505
2023-12-24,0.0,1.0,0.0,-2.4492935982947064e-16,1.0,-0.12020804489935275,0.9927487224577402
2023-12-31,0.0,1.0,0.0,-2.4492935982947064e-16,1.0,6.432490598706546e-16,1.0
2024-01-07,0.0,1.0,0.0,0.49999999999999994,0.8660254037844387,0.1202080448993527,0.9927487224577402
2024-01-14,0.0,1.0,0.0,0.49999999999999994,0.8660254037844387,0.2386727660059501,0.9711000518829505
2024-01-21,0.0,1.0,0.0,0.49999999999999994,0.8660254037844387,0.3536761221763716,0.9353679493131483
2024-01-28,0.0,1.0,0.0,0.49999999999999994,0.8660254037844387,0.4635502709028509,0.886070621534138
2024-02-04,0.0,1.0,0.0,0.8660254037844386,0.5000000000000001,0.5667017562911176,0.8239230057575542
2024-02-11,0.0,1.0,0.0,0.8660254037844386,0.5000000000000001,0.6616346182422783,0.7498264012045686
2024-02-18,0.0,1.0,0.0,0.8660254037844386,0.5000000000000001,0.7469720876965552,0.6648553979642865
2024-02-25,0.0,1.0,0.0,0.8660254037844386,0.5000000000000001,0.8214765533024142,0.5702422926917871
2024-03-03,0.00785346484459224,1.0,11.0,1.0,6.123233995736766e-17,0.8840675099433636,0.46735921715800227
2024-03-10,0.05740666608448488,1.0,26.5,1.0,6.123233995736766e-17,0.9338372288229252,0.35769823883312546
2024-03-17,0.12114803672072971,1.0,56.166666666666664,1.0,6.123233995736766e-17,0.970063921851507,0.2428497220959356
2024-03-24,0.25513221580190776,1.0,118.33333333333333,1.0,6.123233995736766e-17,0.9922222094179323,0.12447926388678915
2024-03-31,0.2445263964055169,1.0,113.16666666666667,1.0,6.123233995736766e-17,0.9999907397361901,0.004303538296244289
2024-04-07,0.316279271056884,1.0,125.57142857142857,0.8660254037844387,-0.49999999999999983,0.9932568492674143,-0.11593459959550041
2024-04-14,0.4166899796983422,1.0,165.57142857142858,0.8660254037844387,-0.49999999999999983,0.9721181966290613,-0.23449138957040985
2024-04-21,0.5984916339704617,1.0,237.85714285714286,0.8660254037844387,-0.49999999999999983,0.9368813462954315,-0.3496474552512284
2024-04-28,0.9264074566667413,1.0,368.42857142857144,0.8660254037844387,-0.49999999999999983,0.8880573226294932,-0.45973273945210397
2024-05-05,0.8828877581853857,1.0,351.2857142857143,0.49999999999999994,-0.8660254037844387,0.8263541987239096,-0.5631507242749186
2024-05-12,0.7679071131537276,1.0,305.2857142857143,0.49999999999999994,-0.8660254037844387,0.7526668275320084,-0.6584015846980488
2024-05-19,0.7874261099257099,1.0,365.1666666666667,0.49999999999999994,-0.8660254037844387,0.6680638642135335,-0.7441039398713607
2024-05-26,0.8276806959596841,1.0,329.2857142857143,0.49999999999999994,-0.8660254037844387,0.5737722679043246,-0.8190148866680801
2024-06-02,0.7963765752718543,1.0,316.57142857142856,1.2246467991473532e-16,-1.0,0.4711595076738638,-0.8820480249558537
2024-06-09,0.5273369124633013,1.0,366.75,1.2246467991473532e-16,-1.0,0.36171373072976765,-0.9322892131745133
